source_file,R_A,state,energy_Ha,energy_rel_eV,dipole_D,dipole_x_D,dipole_y_D,dipole_z_D,charge_Li,charge_F,s2,multiplicity,leading_configuration,leading_ci_coefficient,second_configuration,second_ci_coefficient,natural_occupation_summary,status,notes
new_runs/single_points_properties/outputs/lif_sp_R_1_30.out,1.300000,1,-106.940928693400,1.16192572,5.20477300,0.00000000,0.00000000,-5.20477300,0.53333100,-0.53333100,0.000000,1.000,11100000000000000000000000000|11100000000000000000000000000,0.99177090,,,2.0000 2.0000 2.0000 1.9946 1.9881,normal,ci_eigenvector
new_runs/single_points_properties/outputs/lif_sp_R_1_30.out,1.300000,2,-106.660578391200,8.79064608,,,,,,,2.000000,3.000,01110000000000000000000000000|11100000000000000000000000000,-0.49013760,11100000000000000000000000000|01110000000000000000000000000,0.49013760,,normal,ci_eigenvector
new_runs/single_points_properties/outputs/lif_sp_R_1_30.out,1.300000,3,-106.658587611400,8.84481796,,,,,,,0.000000,1.000,11100000000000000000000000000|01110000000000000000000000000,-0.49635660,01110000000000000000000000000|11100000000000000000000000000,-0.49635660,,normal,ci_eigenvector
new_runs/single_points_properties/outputs/lif_sp_R_1_40.out,1.400000,1,-106.968001152700,0.42524658,5.61444700,0.00000000,0.00000000,-5.61444700,0.58635700,-0.58635700,0.000000,1.000,11100000000000000000000000000|11100000000000000000000000000,0.99098590,,,2.0000 2.0000 2.0000 1.9924 1.9880,normal,ci_eigenvector
new_runs/single_points_properties/outputs/lif_sp_R_1_40.out,1.400000,2,-106.695619724400,7.83712283,,,,,,,2.000000,3.000,11100000000000000000000000000|01110000000000000000000000000,-0.50759350,01110000000000000000000000000|11100000000000000000000000000,0.50759350,,normal,ci_eigenvector
new_runs/single_points_properties/outputs/lif_sp_R_1_40.out,1.400000,3,-106.693581980400,7.89257267,,,,,,,0.000000,1.000,01110000000000000000000000000|11100000000000000000000000000,0.51426580,11100000000000000000000000000|01110000000000000000000000000,0.51426580,,normal,ci_eigenvector
new_runs/single_points_properties/outputs/lif_sp_R_1_50.out,1.500000,1,-106.980387499000,0.08819692,6.03843200,0.00000000,0.00000000,-6.03843200,0.63551000,-0.63551000,0.000000,1.000,11100000000000000000000000000|11100000000000000000000000000,0.99016620,,,2.0000 2.0000 2.0000 1.9909 1.9874,normal,ci_eigenvector
new_runs/single_points_properties/outputs/lif_sp_R_1_50.out,1.500000,2,-106.718439369500,7.21616865,,,,,,,2.000000,3.000,11100000000000000000000000000|01110000000000000000000000000,0.52320180,01110000000000000000000000000|11100000000000000000000000000,-0.52320180,,normal,ci_eigenvector
new_runs/single_points_properties/outputs/lif_sp_R_1_50.out,1.500000,3,-106.716138735200,7.27877210,,,,,,,0.000000,1.000,01110000000000000000000000000|11100000000000000000000000000,-0.53079660,11100000000000000000000000000|01110000000000000000000000000,-0.53079660,,normal,ci_eigenvector
new_runs/single_points_properties/outputs/lif_sp_R_1_60.out,1.600000,1,-106.983628672600,0.00000010,6.46386200,0.00000000,0.00000000,-6.46386200,0.67339400,-0.67339400,0.000000,1.000,11100000000000000000000000000|11100000000000000000000000000,-0.98931890,,,2.0000 2.0000 2.0000 1.9892 1.9869,normal,ci_eigenvector
new_runs/single_points_properties/outputs/lif_sp_R_1_60.out,1.600000,2,-106.733594631600,6.80377296,,,,,,,2.000000,3.000,01110000000000000000000000000|11100000000000000000000000000,0.53700660,11100000000000000000000000000|01110000000000000000000000000,-0.53700660,,normal,ci_eigenvector
new_runs/single_points_properties/outputs/lif_sp_R_1_60.out,1.600000,3,-106.730905397900,6.87695074,,,,,,,0.000000,1.000,11100000000000000000000000000|01110000000000000000000000000,0.54552890,01110000000000000000000000000|11100000000000000000000000000,0.54552890,,normal,ci_eigenvector
new_runs/single_points_properties/outputs/lif_sp_R_1_70.out,1.700000,1,-106.981032272600,0.07065174,6.89168700,0.00000000,0.00000000,-6.89168700,0.69837800,-0.69837800,0.000000,1.000,11100000000000000000000000000|11100000000000000000000000000,0.98849790,,,2.0000 2.0000 2.0000 1.9875 1.9864,normal,ci_eigenvector
new_runs/single_points_properties/outputs/lif_sp_R_1_70.out,1.700000,2,-106.743701022100,6.52876406,,,,,,,2.000000,3.000,11100000000000000000000000000|01110000000000000000000000000,0.54909790,01110000000000000000000000000|11100000000000000000000000000,-0.54909790,,normal,ci_eigenvector
new_runs/single_points_properties/outputs/lif_sp_R_1_70.out,1.700000,3,-106.740548110600,6.61455916,,,,,,,0.000000,1.000,01110000000000000000000000000|11100000000000000000000000000,-0.55850370,11100000000000000000000000000|01110000000000000000000000000,-0.55850370,,normal,ci_eigenvector
new_runs/single_points_properties/outputs/lif_sp_R_1_80.out,1.800000,1,-106.974784590700,0.24065982,7.32358100,0.00000000,0.00000000,-7.32358100,0.71225300,-0.71225300,0.000000,1.000,11100000000000000000000000000|11100000000000000000000000000,-0.98774190,,,2.0000 2.0000 2.0000 1.9861 1.9861,normal,ci_eigenvector
new_runs/single_points_properties/outputs/lif_sp_R_1_80.out,1.800000,2,-106.750327532100,6.34844754,,,,,,,2.000000,3.000,01110000000000000000000000000|11100000000000000000000000000,0.55932340,11100000000000000000000000000|01110000000000000000000000000,-0.55932340,,normal,ci_eigenvector
new_runs/single_points_properties/outputs/lif_sp_R_1_80.out,1.800000,3,-106.746670705900,6.44795485,,,,,,,0.000000,1.000,11100000000000000000000000000|01110000000000000000000000000,-0.56975990,01110000000000000000000000000|11100000000000000000000000000,-0.56975990,,normal,ci_eigenvector
new_runs/single_points_properties/outputs/lif_sp_R_4_50.out,4.500000,1,-106.808420404200,4.76765996,20.23930100,0.00000000,0.00000000,-20.23930100,0.92531700,-0.92531700,0.000000,1.000,11100000000000000000000000000|11100000000000000000000000000,-0.97271020,11010000000000000000000000000|11100000000000000000000000000,0.08210230,2.0000 2.0000 2.0000 1.9833 1.9833,normal,ci_eigenvector
new_runs/single_points_properties/outputs/lif_sp_R_4_50.out,4.500000,2,-106.771739266200,5.76580457,,,,,,,2.000000,3.000,11100000000000000000000000000|11010000000000000000000000000,0.63400780,11010000000000000000000000000|11100000000000000000000000000,-0.63400780,,normal,ci_eigenvector
new_runs/single_points_properties/outputs/lif_sp_R_4_50.out,4.500000,3,-106.769486885700,5.82709497,,,,,,,0.000000,1.000,11010000000000000000000000000|11100000000000000000000000000,0.63469650,11100000000000000000000000000|11010000000000000000000000000,0.63469650,,normal,ci_eigenvector
new_runs/single_points_properties/outputs/lif_sp_R_5_00.out,5.000000,1,-106.795476558300,5.11987995,22.63594500,0.00000000,0.00000000,-22.63594500,0.93377000,-0.93377000,0.000000,1.000,11100000000000000000000000000|11100000000000000000000000000,-0.97051150,11100000000000000000000000000|11010000000000000000000000000,0.09741090,2.0000 2.0000 2.0000 1.9835 1.9835,normal,ci_eigenvector
new_runs/single_points_properties/outputs/lif_sp_R_5_00.out,5.000000,2,-106.771407520000,5.77483185,,,,,,,2.000000,3.000,11010000000000000000000000000|11100000000000000000000000000,-0.64349150,11100000000000000000000000000|11010000000000000000000000000,0.64349150,,normal,ci_eigenvector
new_runs/single_points_properties/outputs/lif_sp_R_5_00.out,5.000000,3,-106.770018540900,5.81262789,,,,,,,0.000000,1.000,11100000000000000000000000000|11010000000000000000000000000,0.63900360,11010000000000000000000000000|11100000000000000000000000000,0.63900360,,normal,ci_eigenvector
new_runs/single_points_properties/outputs/lif_sp_R_5_30.out,5.300000,1,-106.788958436800,5.29724707,23.97423600,0.00000000,0.00000000,-23.97423600,0.93399500,-0.93399500,0.000000,1.000,11100000000000000000000000000|11100000000000000000000000000,-0.96782770,11010000000000000000000000000|11100000000000000000000000000,0.11086020,2.0000 2.0000 2.0000 1.9835 1.9835,normal,ci_eigenvector
new_runs/single_points_properties/outputs/lif_sp_R_5_30.out,5.300000,2,-106.771197420400,5.78054895,,,,,,,2.000000,3.000,11010000000000000000000000000|11100000000000000000000000000,0.64812300,11100000000000000000000000000|11010000000000000000000000000,-0.64812300,,normal,ci_eigenvector
new_runs/single_points_properties/outputs/lif_sp_R_5_30.out,5.300000,3,-106.770128250100,5.80964256,,,,,,,0.000000,1.000,11100000000000000000000000000|11010000000000000000000000000,-0.64048070,11010000000000000000000000000|11100000000000000000000000000,-0.64048070,,normal,ci_eigenvector
new_runs/single_points_properties/outputs/lif_sp_R_5_50.out,5.500000,1,-106.785040242100,5.40386658,24.76867600,0.00000000,0.00000000,-24.76867600,0.93023600,-0.93023600,0.000000,1.000,11100000000000000000000000000|11100000000000000000000000000,0.96452300,11100000000000000000000000000|11010000000000000000000000000,-0.12412240,2.0000 2.0000 2.0000 1.9834 1.9834,normal,ci_eigenvector
new_runs/single_points_properties/outputs/lif_sp_R_5_50.out,5.500000,2,-106.771057842500,5.78434706,,,,,,,2.000000,3.000,11010000000000000000000000000|11100000000000000000000000000,0.65088020,11100000000000000000000000000|11010000000000000000000000000,-0.65088020,,normal,ci_eigenvector
new_runs/single_points_properties/outputs/lif_sp_R_5_50.out,5.500000,3,-106.770133262500,5.80950616,,,,,,,0.000000,1.000,11100000000000000000000000000|11010000000000000000000000000,0.64036490,11010000000000000000000000000|11100000000000000000000000000,0.64036490,,normal,ci_eigenvector
new_runs/single_points_properties/outputs/lif_sp_R_5_60.out,5.600000,1,-106.783197728900,5.45400392,25.11072000,0.00000000,0.00000000,-25.11072000,0.92629600,-0.92629600,0.000000,1.000,11100000000000000000000000000|11100000000000000000000000000,-0.96197270,11100000000000000000000000000|11010000000000000000000000000,0.13301190,2.0000 2.0000 2.0000 1.9833 1.9833,normal,ci_eigenvector
new_runs/single_points_properties/outputs/lif_sp_R_5_60.out,5.600000,2,-106.770989154200,5.78621616,,,,,,,2.000000,3.000,11010000000000000000000000000|11100000000000000000000000000,0.65217840,11100000000000000000000000000|11010000000000000000000000000,-0.65217840,,normal,ci_eigenvector
new_runs/single_points_properties/outputs/lif_sp_R_5_60.out,5.600000,3,-106.770117169200,5.80994408,,,,,,,0.000000,1.000,11100000000000000000000000000|11010000000000000000000000000,-0.63968280,11010000000000000000000000000|11100000000000000000000000000,-0.63968280,,normal,ci_eigenvector
new_runs/single_points_properties/outputs/lif_sp_R_5_65.out,5.650000,1,-106.782304495900,5.47831003,25.26077700,0.00000000,0.00000000,-25.26077700,0.92358600,-0.92358600,0.000000,1.000,11100000000000000000000000000|11100000000000000000000000000,-0.96035500,11100000000000000000000000000|11010000000000000000000000000,0.13828500,2.0000 2.0000 2.0000 1.9833 1.9833,normal,ci_eigenvector
new_runs/single_points_properties/outputs/lif_sp_R_5_65.out,5.650000,2,-106.770955225400,5.78713941,,,,,,,2.000000,3.000,11010000000000000000000000000|11100000000000000000000000000,-0.65279040,11100000000000000000000000000|11010000000000000000000000000,0.65279040,,normal,ci_eigenvector
new_runs/single_points_properties/outputs/lif_sp_R_5_65.out,5.650000,3,-106.770104419800,5.81029101,,,,,,,0.000000,1.000,11100000000000000000000000000|11010000000000000000000000000,-0.63909460,11010000000000000000000000000|11100000000000000000000000000,-0.63909460,,normal,ci_eigenvector
new_runs/single_points_properties/outputs/lif_sp_R_5_70.out,5.700000,1,-106.781429719700,5.50211390,25.39228800,0.00000000,0.00000000,-25.39228800,0.92022400,-0.92022400,0.000000,1.000,11100000000000000000000000000|11100000000000000000000000000,0.95843020,11100000000000000000000000000|11010000000000000000000000000,-0.14424670,2.0000 2.0000 2.0000 1.9832 1.9832,normal,ci_eigenvector
new_runs/single_points_properties/outputs/lif_sp_R_5_70.out,5.700000,2,-106.770921719500,5.78805115,,,,,,,2.000000,3.000,11010000000000000000000000000|11100000000000000000000000000,0.65338570,11100000000000000000000000000|11010000000000000000000000000,-0.65338570,,normal,ci_eigenvector
new_runs/single_points_properties/outputs/lif_sp_R_5_70.out,5.700000,3,-106.770088472800,5.81072495,,,,,,,0.000000,1.000,11100000000000000000000000000|11010000000000000000000000000,0.63829930,11010000000000000000000000000|11100000000000000000000000000,0.63829930,,normal,ci_eigenvector
new_runs/single_points_properties/outputs/lif_sp_R_5_75.out,5.750000,1,-106.780573329900,5.52541745,25.50051600,0.00000000,0.00000000,-25.50051600,0.91605100,-0.91605100,0.000000,1.000,11100000000000000000000000000|11100000000000000000000000000,0.95611720,11100000000000000000000000000|11010000000000000000000000000,0.15103510,2.0000 2.0000 2.0000 1.9831 1.9831,normal,ci_eigenvector
new_runs/single_points_properties/outputs/lif_sp_R_5_75.out,5.750000,2,-106.770888670700,5.78895046,,,,,,,2.000000,3.000,11010000000000000000000000000|11100000000000000000000000000,-0.65396450,11100000000000000000000000000|11010000000000000000000000000,0.65396450,,normal,ci_eigenvector
new_runs/single_points_properties/outputs/lif_sp_R_5_75.out,5.750000,3,-106.770069114600,5.81125171,,,,,,,0.000000,1.000,11100000000000000000000000000|11010000000000000000000000000,-0.63724210,11010000000000000000000000000|11100000000000000000000000000,-0.63724210,,normal,ci_eigenvector
new_runs/single_points_properties/outputs/lif_sp_R_5_80.out,5.800000,1,-106.779735367800,5.54821957,25.57910600,0.00000000,0.00000000,-25.57910600,0.91086200,-0.91086200,0.000000,1.000,11100000000000000000000000000|11100000000000000000000000000,-0.95331160,11100000000000000000000000000|11010000000000000000000000000,-0.15883290,2.0000 2.0000 2.0000 1.9830 1.9830,normal,ci_eigenvector
new_runs/single_points_properties/outputs/lif_sp_R_5_80.out,5.800000,2,-106.770856110300,5.78983647,,,,,,,2.000000,3.000,11010000000000000000000000000|11100000000000000000000000000,-0.65450320,11100000000000000000000000000|11010000000000000000000000000,0.65450320,,normal,ci_eigenvector
new_runs/single_points_properties/outputs/lif_sp_R_5_80.out,5.800000,3,-106.770046016100,5.81188026,,,,,,,0.000000,1.000,11100000000000000000000000000|11010000000000000000000000000,-0.63583270,11010000000000000000000000000|11100000000000000000000000000,-0.63583270,,normal,ci_eigenvector
new_runs/single_points_properties/outputs/lif_sp_R_5_85.out,5.850000,1,-106.778916046100,5.57051444,25.61938100,0.00000000,0.00000000,-25.61938100,0.90435700,-0.90435700,0.000000,1.000,11100000000000000000000000000|11100000000000000000000000000,-0.94985420,11010000000000000000000000000|11100000000000000000000000000,0.16785040,2.0000 2.0000 2.0000 1.9829 1.9829,normal,ci_eigenvector
new_runs/single_points_properties/outputs/lif_sp_R_5_85.out,5.850000,2,-106.770824080500,5.79070805,,,,,,,2.000000,3.000,11100000000000000000000000000|11010000000000000000000000000,-0.65505030,11010000000000000000000000000|11100000000000000000000000000,0.65505030,,normal,ci_eigenvector
new_runs/single_points_properties/outputs/lif_sp_R_5_85.out,5.850000,3,-106.770018732600,5.81262268,,,,,,,0.000000,1.000,11010000000000000000000000000|11100000000000000000000000000,-0.63400920,11100000000000000000000000000|11010000000000000000000000000,-0.63400920,,normal,ci_eigenvector
new_runs/single_points_properties/outputs/lif_sp_R_5_90.out,5.900000,1,-106.778115801600,5.59229021,25.60930200,0.00000000,0.00000000,-25.60930200,0.89614300,-0.89614300,0.000000,1.000,11100000000000000000000000000|11100000000000000000000000000,-0.94554090,11100000000000000000000000000|11010000000000000000000000000,0.17838150,2.0000 2.0000 2.0000 1.9827 1.9827,normal,ci_eigenvector
new_runs/single_points_properties/outputs/lif_sp_R_5_90.out,5.900000,2,-106.770792705300,5.79156181,,,,,,,2.000000,3.000,11010000000000000000000000000|11100000000000000000000000000,-0.65558210,11100000000000000000000000000|11010000000000000000000000000,0.65558210,,normal,ci_eigenvector
new_runs/single_points_properties/outputs/lif_sp_R_5_90.out,5.900000,3,-106.769986677200,5.81349495,,,,,,,0.000000,1.000,11100000000000000000000000000|11010000000000000000000000000,0.63161610,11010000000000000000000000000|11100000000000000000000000000,0.63161610,,normal,ci_eigenvector
new_runs/single_points_properties/outputs/lif_sp_R_5_95.out,5.950000,1,-106.777335329000,5.61352795,25.53193000,0.00000000,0.00000000,-25.53193000,0.88567300,-0.88567300,0.000000,1.000,11100000000000000000000000000|11100000000000000000000000000,0.94007710,11100000000000000000000000000|11010000000000000000000000000,0.19081020,2.0000 2.0000 2.0000 1.9825 1.9825,normal,ci_eigenvector
new_runs/single_points_properties/outputs/lif_sp_R_5_95.out,5.950000,2,-106.770761985800,5.79239773,,,,,,,2.000000,3.000,11010000000000000000000000000|11100000000000000000000000000,0.65611820,11100000000000000000000000000|11010000000000000000000000000,-0.65611820,,normal,ci_eigenvector
new_runs/single_points_properties/outputs/lif_sp_R_5_95.out,5.950000,3,-106.769948874300,5.81452362,,,,,,,0.000000,1.000,11100000000000000000000000000|11010000000000000000000000000,0.62847160,11010000000000000000000000000|11100000000000000000000000000,0.62847160,,normal,ci_eigenvector
new_runs/single_points_properties/outputs/lif_sp_R_6_00.out,6.000000,1,-106.776575741400,5.63419738,25.36298300,0.00000000,0.00000000,-25.36298300,0.87213600,-0.87213600,0.000000,1.000,11100000000000000000000000000|11100000000000000000000000000,0.93302490,11100000000000000000000000000|11010000000000000000000000000,0.20561060,2.0000 2.0000 2.0000 1.9823 1.9823,normal,ci_eigenvector
new_runs/single_points_properties/outputs/lif_sp_R_6_00.out,6.000000,2,-106.770731962800,5.79321470,,,,,,,2.000000,3.000,11010000000000000000000000000|11100000000000000000000000000,-0.65662090,11100000000000000000000000000|11010000000000000000000000000,0.65662090,,normal,ci_eigenvector
new_runs/single_points_properties/outputs/lif_sp_R_6_00.out,6.000000,3,-106.769903981200,5.81574522,,,,,,,0.000000,1.000,11100000000000000000000000000|11010000000000000000000000000,-0.62425890,11010000000000000000000000000|11100000000000000000000000000,-0.62425890,,normal,ci_eigenvector
new_runs/single_points_properties/outputs/lif_sp_R_6_05.out,6.050000,1,-106.775838763100,5.65425158,25.06726100,0.00000000,0.00000000,-25.06726100,0.85439300,-0.85439300,0.000000,1.000,11100000000000000000000000000|11100000000000000000000000000,-0.92374990,11010000000000000000000000000|11100000000000000000000000000,0.22342720,2.0000 2.0000 2.0000 1.9820 1.9820,normal,ci_eigenvector
new_runs/single_points_properties/outputs/lif_sp_R_6_05.out,6.050000,2,-106.770702704900,5.79401084,,,,,,,2.000000,3.000,11010000000000000000000000000|11100000000000000000000000000,0.65710360,11100000000000000000000000000|11010000000000000000000000000,-0.65710360,,normal,ci_eigenvector
new_runs/single_points_properties/outputs/lif_sp_R_6_05.out,6.050000,3,-106.769850092300,5.81721161,,,,,,,0.000000,1.000,11100000000000000000000000000|11010000000000000000000000000,-0.61856980,11010000000000000000000000000|11100000000000000000000000000,-0.61856980,,normal,ci_eigenvector
new_runs/single_points_properties/outputs/lif_sp_R_6_10.out,6.100000,1,-106.775126982300,5.67362012,24.59339800,0.00000000,0.00000000,-24.59339800,0.83078100,-0.83078100,0.000000,1.000,11100000000000000000000000000|11100000000000000000000000000,0.91129370,11010000000000000000000000000|11100000000000000000000000000,-0.24507640,2.0000 2.0000 2.0000 1.9816 1.9816,normal,ci_eigenvector
new_runs/single_points_properties/outputs/lif_sp_R_6_10.out,6.100000,2,-106.770674244800,5.79478528,,,,,,,2.000000,3.000,11010000000000000000000000000|11100000000000000000000000000,0.65759090,11100000000000000000000000000|11010000000000000000000000000,-0.65759090,,normal,ci_eigenvector
new_runs/single_points_properties/outputs/lif_sp_R_6_10.out,6.100000,3,-106.769784404300,5.81899908,,,,,,,0.000000,1.000,11100000000000000000000000000|11010000000000000000000000000,-0.61077110,11010000000000000000000000000|11100000000000000000000000000,-0.61077110,,normal,ci_eigenvector
new_runs/single_points_properties/outputs/lif_sp_R_6_20.out,6.200000,1,-106.773796354900,5.70982834,22.78342800,0.00000000,0.00000000,-22.78342800,0.75557800,-0.75557800,0.000000,1.000,11100000000000000000000000000|11100000000000000000000000000,-0.87040910,11100000000000000000000000000|11010000000000000000000000000,0.30410510,2.0000 2.0000 2.0000 1.9808 1.9808,normal,ci_eigenvector
new_runs/single_points_properties/outputs/lif_sp_R_6_20.out,6.200000,2,-106.770619847700,5.79626550,,,,,,,2.000000,3.000,11010000000000000000000000000|11100000000000000000000000000,0.65849170,11100000000000000000000000000|11010000000000000000000000000,-0.65849170,,normal,ci_eigenvector
new_runs/single_points_properties/outputs/lif_sp_R_6_20.out,6.200000,3,-106.769599412900,5.82403295,,,,,,,0.000000,1.000,11100000000000000000000000000|11010000000000000000000000000,0.58457380,11010000000000000000000000000|11100000000000000000000000000,0.58457380,,normal,ci_eigenvector
new_runs/single_points_properties/outputs/lif_sp_R_6_50.out,6.500000,1,-106.771180928700,5.78099771,7.12997100,0.00000000,0.00000000,-7.12997100,0.22076100,-0.22076100,0.000000,1.000,11010000000000000000000000000|11100000000000000000000000000,0.57544320,11100000000000000000000000000|11010000000000000000000000000,0.57544320,2.0000 2.0000 2.0000 1.9890 1.9890,normal,ci_eigenvector
new_runs/single_points_properties/outputs/lif_sp_R_6_50.out,6.500000,2,-106.770478169200,5.80012077,,,,,,,2.000000,3.000,11100000000000000000000000000|11010000000000000000000000000,0.66093780,11010000000000000000000000000|11100000000000000000000000000,-0.66093780,,normal,ci_eigenvector
new_runs/single_points_properties/outputs/lif_sp_R_6_50.out,6.500000,3,-106.767966914100,5.86845550,,,,,,,0.000000,1.000,11100000000000000000000000000|11100000000000000000000000000,0.86219440,11010000000000000000000000000|11100000000000000000000000000,0.32567320,,normal,ci_eigenvector
new_runs/single_points_properties/outputs/lif_sp_R_7_00.out,7.000000,1,-106.770394208100,5.80240547,0.39717600,0.00000000,0.00000000,-0.39717600,0.01093800,-0.01093800,0.000000,1.000,11010000000000000000000000000|11100000000000000000000000000,0.65941680,11100000000000000000000000000|11010000000000000000000000000,0.65941680,2.0000 2.0000 2.0000 1.9987 1.9987,normal,ci_eigenvector
new_runs/single_points_properties/outputs/lif_sp_R_7_00.out,7.000000,2,-106.770312899600,5.80461799,,,,,,,2.000000,3.000,11100000000000000000000000000|11010000000000000000000000000,0.66418110,11010000000000000000000000000|11100000000000000000000000000,-0.66418110,,normal,ci_eigenvector
new_runs/single_points_properties/outputs/lif_sp_R_7_00.out,7.000000,3,-106.762563136200,6.01549979,,,,,,,0.000000,1.000,11100000000000000000000000000|11100000000000000000000000000,0.98011570,11100000000000000000000000000|11010000000000000000000000000,-0.08022490,,normal,ci_eigenvector
new_runs/single_points_properties/outputs/lif_sp_R_7_50.out,7.500000,1,-106.770235531000,5.80672329,0.04897200,0.00000000,0.00000000,-0.04897200,0.00156100,-0.00156100,0.000000,1.000,11100000000000000000000000000|11010000000000000000000000000,-0.66585180,11010000000000000000000000000|11100000000000000000000000000,-0.66585180,2.0000 2.0000 2.0000 1.9992 1.9992,normal,ci_eigenvector
new_runs/single_points_properties/outputs/lif_sp_R_7_50.out,7.500000,2,-106.770218208000,5.80719468,,,,,,,2.000000,3.000,11010000000000000000000000000|11100000000000000000000000000,-0.66663670,11100000000000000000000000000|11010000000000000000000000000,0.66663670,,normal,ci_eigenvector
new_runs/single_points_properties/outputs/lif_sp_R_7_50.out,7.500000,3,-106.757452507100,6.15456709,,,,,,,0.000000,1.000,11100000000000000000000000000|11100000000000000000000000000,0.98590650,,,,normal,ci_eigenvector
new_runs/single_points_properties/outputs/lif_sp_R_8_00.out,8.000000,1,-106.770172152900,5.80844790,0.00087000,0.00000000,0.00000000,0.00087000,0.00037500,-0.00037500,0.000000,1.000,11010000000000000000000000000|11100000000000000000000000000,-0.66828840,11100000000000000000000000000|11010000000000000000000000000,-0.66828840,2.0000 2.0000 2.0000 1.9993 1.9993,normal,ci_eigenvector
new_runs/single_points_properties/outputs/lif_sp_R_8_00.out,8.000000,2,-106.770167709100,5.80856882,,,,,,,2.000000,3.000,11100000000000000000000000000|11010000000000000000000000000,-0.66846470,11010000000000000000000000000|11100000000000000000000000000,0.66846470,,normal,ci_eigenvector
new_runs/single_points_properties/outputs/lif_sp_R_8_00.out,8.000000,3,-106.752974046600,6.27643221,,,,,,,0.000000,1.000,11100000000000000000000000000|11100000000000000000000000000,-0.98684980,,,,normal,ci_eigenvector
new_runs/single_points_properties/outputs/lif_sp_R_8_25.out,8.250000,1,-106.770154571700,5.80892631,0.00763400,0.00000000,0.00000000,0.00763400,0.00021700,-0.00021700,0.000000,1.000,11010000000000000000000000000|11100000000000000000000000000,0.66911830,11100000000000000000000000000|11010000000000000000000000000,0.66911830,2.0000 2.0000 2.0000 1.9993 1.9993,normal,ci_eigenvector
new_runs/single_points_properties/outputs/lif_sp_R_8_25.out,8.250000,2,-106.770152246400,5.80898958,,,,,,,2.000000,3.000,11100000000000000000000000000|11010000000000000000000000000,-0.66920880,11010000000000000000000000000|11100000000000000000000000000,0.66920880,,normal,ci_eigenvector
new_runs/single_points_properties/outputs/lif_sp_R_8_25.out,8.250000,3,-106.750944209200,6.33166690,,,,,,,0.000000,1.000,11100000000000000000000000000|11100000000000000000000000000,-0.98701690,,,,normal,ci_eigenvector
new_runs/single_points_properties/outputs/lif_sp_R_8_50.out,8.500000,1,-106.770142108300,5.80926545,0.01084100,0.00000000,0.00000000,0.01084100,0.00013900,-0.00013900,0.000000,1.000,11010000000000000000000000000|11100000000000000000000000000,-0.66981290,11100000000000000000000000000|11010000000000000000000000000,-0.66981290,2.0000 2.0000 2.0000 1.9993 1.9993,normal,ci_eigenvector
new_runs/single_points_properties/outputs/lif_sp_R_8_50.out,8.500000,2,-106.770140876600,5.80929897,,,,,,,2.000000,3.000,11100000000000000000000000000|11010000000000000000000000000,0.66986050,11010000000000000000000000000|11100000000000000000000000000,-0.66986050,,normal,ci_eigenvector
new_runs/single_points_properties/outputs/lif_sp_R_8_50.out,8.500000,3,-106.749037255800,6.38355775,,,,,,,0.000000,1.000,11100000000000000000000000000|11100000000000000000000000000,-0.98711570,,,,normal,ci_eigenvector
new_runs/single_points_properties/outputs/lif_sp_R_8_75.out,8.750000,1,-106.770132759200,5.80951986,0.01238100,0.00000000,0.00000000,0.01238100,0.00009700,-0.00009700,0.000000,1.000,11010000000000000000000000000|11100000000000000000000000000,0.67040740,11100000000000000000000000000|11010000000000000000000000000,0.67040740,2.0000 2.0000 2.0000 1.9993 1.9993,normal,ci_eigenvector
new_runs/single_points_properties/outputs/lif_sp_R_8_75.out,8.750000,2,-106.770132101800,5.80953775,,,,,,,2.000000,3.000,11100000000000000000000000000|11010000000000000000000000000,0.67043300,11010000000000000000000000000|11100000000000000000000000000,-0.67043300,,normal,ci_eigenvector
new_runs/single_points_properties/outputs/lif_sp_R_8_75.out,8.750000,3,-106.747241919500,6.43241134,,,,,,,0.000000,1.000,11100000000000000000000000000|11100000000000000000000000000,-0.98717860,,,,normal,ci_eigenvector
new_runs/single_points_properties/outputs/lif_sp_R_8_80.out,8.800000,1,-106.770131177600,5.80956289,0.01255700,0.00000000,0.00000000,0.01255700,0.00009100,-0.00009100,0.000000,1.000,11010000000000000000000000000|11100000000000000000000000000,0.67051610,11100000000000000000000000000|11010000000000000000000000000,0.67051610,2.0000 2.0000 2.0000 1.9993 1.9993,normal,ci_eigenvector
new_runs/single_points_properties/outputs/lif_sp_R_8_80.out,8.800000,2,-106.770130597500,5.80957868,,,,,,,2.000000,3.000,11100000000000000000000000000|11010000000000000000000000000,0.67053870,11010000000000000000000000000|11100000000000000000000000000,-0.67053870,,normal,ci_eigenvector
new_runs/single_points_properties/outputs/lif_sp_R_8_80.out,8.800000,3,-106.746895353900,6.44184187,,,,,,,0.000000,1.000,11100000000000000000000000000|11100000000000000000000000000,0.98718850,,,,normal,ci_eigenvector
new_runs/single_points_properties/outputs/lif_sp_R_8_90.out,8.900000,1,-106.770128231200,5.80964307,0.01282600,0.00000000,0.00000000,0.01282600,0.00008100,-0.00008100,0.000000,1.000,11100000000000000000000000000|11010000000000000000000000000,0.67072490,11010000000000000000000000000|11100000000000000000000000000,0.67072480,2.0000 2.0000 2.0000 1.9993 1.9993,normal,ci_eigenvector
new_runs/single_points_properties/outputs/lif_sp_R_8_90.out,8.900000,2,-106.770127779400,5.80965536,,,,,,,2.000000,3.000,11010000000000000000000000000|11100000000000000000000000000,-0.67074260,11100000000000000000000000000|11010000000000000000000000000,0.67074250,,normal,ci_eigenvector
new_runs/single_points_properties/outputs/lif_sp_R_8_90.out,8.900000,3,-106.746214115300,6.46037931,,,,,,,0.000000,1.000,11100000000000000000000000000|11100000000000000000000000000,-0.98720600,,,,normal,ci_eigenvector
new_runs/single_points_properties/outputs/lif_sp_R_9_00.out,9.000000,1,-106.770125499200,5.80971741,0.01300400,0.00000000,0.00000000,0.01300400,0.00007300,-0.00007300,0.000000,1.000,11100000000000000000000000000|11010000000000000000000000000,0.67092210,11010000000000000000000000000|11100000000000000000000000000,0.67092200,2.0000 2.0000 2.0000 1.9993 1.9993,normal,ci_eigenvector
new_runs/single_points_properties/outputs/lif_sp_R_9_00.out,9.000000,2,-106.770125147200,5.80972699,,,,,,,2.000000,3.000,11010000000000000000000000000|11100000000000000000000000000,-0.67093590,11100000000000000000000000000|11010000000000000000000000000,0.67093590,,normal,ci_eigenvector
new_runs/single_points_properties/outputs/lif_sp_R_9_00.out,9.000000,3,-106.745548265600,6.47849801,,,,,,,0.000000,1.000,11100000000000000000000000000|11100000000000000000000000000,0.98722140,,,,normal,ci_eigenvector
new_runs/single_points_properties/outputs/lif_sp_R_9_10.out,9.100000,1,-106.770122980700,5.80978594,0.01311100,0.00000000,0.00000000,0.01311100,0.00006600,-0.00006600,0.000000,1.000,11100000000000000000000000000|11010000000000000000000000000,0.67110910,11010000000000000000000000000|11100000000000000000000000000,0.67110910,2.0000 2.0000 2.0000 1.9993 1.9993,normal,ci_eigenvector
new_runs/single_points_properties/outputs/lif_sp_R_9_10.out,9.100000,2,-106.770122706500,5.80979340,,,,,,,2.000000,3.000,11010000000000000000000000000|11100000000000000000000000000,0.67112000,11100000000000000000000000000|11010000000000000000000000000,-0.67112000,,normal,ci_eigenvector
new_runs/single_points_properties/outputs/lif_sp_R_9_10.out,9.100000,3,-106.744897265100,6.49621263,,,,,,,0.000000,1.000,11100000000000000000000000000|11100000000000000000000000000,0.98723490,,,,normal,ci_eigenvector
new_runs/single_points_properties/outputs/lif_sp_R_9_20.out,9.200000,1,-106.770120625000,5.80985005,0.01316400,0.00000000,0.00000000,0.01316400,0.00006000,-0.00006000,0.000000,1.000,11010000000000000000000000000|11100000000000000000000000000,0.67128650,11100000000000000000000000000|11010000000000000000000000000,0.67128650,2.0000 2.0000 2.0000 1.9993 1.9993,normal,ci_eigenvector
new_runs/single_points_properties/outputs/lif_sp_R_9_20.out,9.200000,2,-106.770120411600,5.80985585,,,,,,,2.000000,3.000,11100000000000000000000000000|11010000000000000000000000000,-0.67129510,11010000000000000000000000000|11100000000000000000000000000,0.67129510,,normal,ci_eigenvector
new_runs/single_points_properties/outputs/lif_sp_R_9_20.out,9.200000,3,-106.744260598900,6.51353720,,,,,,,0.000000,1.000,11100000000000000000000000000|11100000000000000000000000000,-0.98724690,,,,normal,ci_eigenvector
