source_file,calculation_group,calculation_type,status,R_A,state,energy_Ha,energy_rel_eV,gap_to_previous_Ha,gap_to_previous_eV,dipole_D,dipole_x_D,dipole_y_D,dipole_z_D,multiplicity,s2,leading_configuration,leading_ci_coefficient,second_configuration,second_ci_coefficient,charge_Li,charge_F,natural_occupation_summary,notes
lif_scan/LiF_CI.out,lif_scan,surface,normal,0.500000,1,-103.557233681600,93.23695763,,,,,,,,,,,,,,,,surface_scan
lif_scan/LiF_CI.out,lif_scan,surface,normal,0.500000,2,-103.454845205800,96.02308999,0.102388475800,2.78613236,,,,,,,,,,,,,,surface_scan
lif_scan/LiF_CI.out,lif_scan,surface,normal,0.500000,3,-103.435240915600,96.55654990,0.019604290200,0.53345991,,,,,,,,,,,,,,surface_scan
lif_scan/LiF_CI.out,lif_scan,surface,normal,0.750000,1,-105.749356405000,33.58625950,,,,,,,,,,,,,,,,surface_scan
lif_scan/LiF_CI.out,lif_scan,surface,normal,0.750000,2,-105.645724206000,36.40623530,0.103632199000,2.81997579,,,,,,,,,,,,,,surface_scan
lif_scan/LiF_CI.out,lif_scan,surface,normal,0.750000,3,-105.606425452800,37.47560885,0.039298753200,1.06937355,,,,,,,,,,,,,,surface_scan
lif_scan/LiF_CI.out,lif_scan,surface,normal,1.000000,1,-106.655022434100,8.94183137,,,,,,,,,,,,,,,,surface_scan
lif_scan/LiF_CI.out,lif_scan,surface,normal,1.000000,2,-106.391051281500,16.12485237,0.263971152600,7.18302099,,,,,,,,,,,,,,surface_scan
lif_scan/LiF_CI.out,lif_scan,surface,normal,1.000000,3,-106.386641393400,16.24485153,0.004409888100,0.11999917,,,,,,,,,,,,,,surface_scan
lif_scan/LiF_CI.out,lif_scan,surface,normal,1.250000,1,-106.919875904000,1.73480131,,,,,,,,,,,,,,,,surface_scan
lif_scan/LiF_CI.out,lif_scan,surface,normal,1.250000,2,-106.636941970700,9.43382585,0.282933933300,7.69902454,,,,,,,,,,,,,,surface_scan
lif_scan/LiF_CI.out,lif_scan,surface,normal,1.250000,3,-106.634899996000,9.48939081,0.002041974700,0.05556496,,,,,,,,,,,,,,surface_scan
new_runs/scan_selected/lif_selected_scan.out,scan_selected,surface,normal,1.300000,1,-106.940928693200,1.16192573,,,,,,,,,,,,,,,,surface_scan
new_runs/single_points_properties/outputs/lif_sp_R_1_30.out,single_points_properties,single_point,normal,1.300000,1,-106.940928693400,1.16192572,,,5.20477300,0.00000000,0.00000000,-5.20477300,1.000,0.000000,11100000000000000000000000000|11100000000000000000000000000,0.99177090,,,0.53333100,-0.53333100,2.0000 2.0000 2.0000 1.9946 1.9881,ci_eigenvector
new_runs/scan_selected/lif_selected_scan.out,scan_selected,surface,normal,1.300000,2,-106.660578389600,8.79064612,0.280350303600,7.62872040,,,,,,,,,,,,,,surface_scan
new_runs/single_points_properties/outputs/lif_sp_R_1_30.out,single_points_properties,single_point,normal,1.300000,2,-106.660578391200,8.79064608,0.280350302200,7.62872036,,,,,3.000,2.000000,01110000000000000000000000000|11100000000000000000000000000,-0.49013760,11100000000000000000000000000|01110000000000000000000000000,0.49013760,,,,ci_eigenvector
new_runs/scan_selected/lif_selected_scan.out,scan_selected,surface,normal,1.300000,3,-106.658587609600,8.84481801,0.001990780000,0.05417188,,,,,,,,,,,,,,surface_scan
new_runs/single_points_properties/outputs/lif_sp_R_1_30.out,single_points_properties,single_point,normal,1.300000,3,-106.658587611400,8.84481796,0.001990779800,0.05417188,,,,,1.000,0.000000,11100000000000000000000000000|01110000000000000000000000000,-0.49635660,01110000000000000000000000000|11100000000000000000000000000,-0.49635660,,,,ci_eigenvector
new_runs/single_points_properties/outputs/lif_sp_R_1_40.out,single_points_properties,single_point,normal,1.400000,1,-106.968001152700,0.42524658,,,5.61444700,0.00000000,0.00000000,-5.61444700,1.000,0.000000,11100000000000000000000000000|11100000000000000000000000000,0.99098590,,,0.58635700,-0.58635700,2.0000 2.0000 2.0000 1.9924 1.9880,ci_eigenvector
new_runs/single_points_properties/outputs/lif_sp_R_1_40.out,single_points_properties,single_point,normal,1.400000,2,-106.695619724400,7.83712283,0.272381428300,7.41187625,,,,,3.000,2.000000,11100000000000000000000000000|01110000000000000000000000000,-0.50759350,01110000000000000000000000000|11100000000000000000000000000,0.50759350,,,,ci_eigenvector
new_runs/single_points_properties/outputs/lif_sp_R_1_40.out,single_points_properties,single_point,normal,1.400000,3,-106.693581980400,7.89257267,0.002037744000,0.05544984,,,,,1.000,0.000000,01110000000000000000000000000|11100000000000000000000000000,0.51426580,11100000000000000000000000000|01110000000000000000000000000,0.51426580,,,,ci_eigenvector
new_runs/scan_selected/lif_selected_scan.out,scan_selected,surface,normal,1.400000,1,-106.968001152700,0.42524658,,,,,,,,,,,,,,,,surface_scan
new_runs/scan_selected/lif_selected_scan.out,scan_selected,surface,normal,1.400000,2,-106.695619726200,7.83712278,0.272381426500,7.41187620,,,,,,,,,,,,,,surface_scan
new_runs/scan_selected/lif_selected_scan.out,scan_selected,surface,normal,1.400000,3,-106.693581982000,7.89257262,0.002037744200,0.05544984,,,,,,,,,,,,,,surface_scan
lif_scan/LiF_CI.out,lif_scan,surface,normal,1.500000,1,-106.980387499900,0.08819690,,,,,,,,,,,,,,,,surface_scan
new_runs/scan_selected/lif_selected_scan.out,scan_selected,surface,normal,1.500000,1,-106.980387500400,0.08819688,,,,,,,,,,,,,,,,surface_scan
new_runs/single_points_properties/outputs/lif_sp_R_1_50.out,single_points_properties,single_point,normal,1.500000,1,-106.980387499000,0.08819692,,,6.03843200,0.00000000,0.00000000,-6.03843200,1.000,0.000000,11100000000000000000000000000|11100000000000000000000000000,0.99016620,,,0.63551000,-0.63551000,2.0000 2.0000 2.0000 1.9909 1.9874,ci_eigenvector
lif_scan/LiF_CI.out,lif_scan,surface,normal,1.500000,2,-106.718439374300,7.21616852,0.261948125600,7.12797162,,,,,,,,,,,,,,surface_scan
new_runs/scan_selected/lif_selected_scan.out,scan_selected,surface,normal,1.500000,2,-106.718439372700,7.21616856,0.261948127700,7.12797168,,,,,,,,,,,,,,surface_scan
new_runs/single_points_properties/outputs/lif_sp_R_1_50.out,single_points_properties,single_point,normal,1.500000,2,-106.718439369500,7.21616865,0.261948129500,7.12797173,,,,,3.000,2.000000,11100000000000000000000000000|01110000000000000000000000000,0.52320180,01110000000000000000000000000|11100000000000000000000000000,-0.52320180,,,,ci_eigenvector
lif_scan/LiF_CI.out,lif_scan,surface,normal,1.500000,3,-106.716138739600,7.27877198,0.002300634700,0.06260346,,,,,,,,,,,,,,surface_scan
new_runs/scan_selected/lif_selected_scan.out,scan_selected,surface,normal,1.500000,3,-106.716138738300,7.27877201,0.002300634400,0.06260345,,,,,,,,,,,,,,surface_scan
new_runs/single_points_properties/outputs/lif_sp_R_1_50.out,single_points_properties,single_point,normal,1.500000,3,-106.716138735200,7.27877210,0.002300634300,0.06260345,,,,,1.000,0.000000,01110000000000000000000000000|11100000000000000000000000000,-0.53079660,11100000000000000000000000000|01110000000000000000000000000,-0.53079660,,,,ci_eigenvector
new_runs/scan_selected/lif_selected_scan.out,scan_selected,surface,normal,1.600000,1,-106.983628676100,0.00000000,,,,,,,,,,,,,,,,surface_scan
new_runs/single_points_properties/outputs/lif_sp_R_1_60.out,single_points_properties,single_point,normal,1.600000,1,-106.983628672600,0.00000010,,,6.46386200,0.00000000,0.00000000,-6.46386200,1.000,0.000000,11100000000000000000000000000|11100000000000000000000000000,-0.98931890,,,0.67339400,-0.67339400,2.0000 2.0000 2.0000 1.9892 1.9869,ci_eigenvector
new_runs/scan_selected/lif_selected_scan.out,scan_selected,surface,normal,1.600000,2,-106.733594640600,6.80377271,0.250034035500,6.80377271,,,,,,,,,,,,,,surface_scan
new_runs/single_points_properties/outputs/lif_sp_R_1_60.out,single_points_properties,single_point,normal,1.600000,2,-106.733594631600,6.80377296,0.250034041000,6.80377286,,,,,3.000,2.000000,01110000000000000000000000000|11100000000000000000000000000,0.53700660,11100000000000000000000000000|01110000000000000000000000000,-0.53700660,,,,ci_eigenvector
new_runs/scan_selected/lif_selected_scan.out,scan_selected,surface,normal,1.600000,3,-106.730905406300,6.87695051,0.002689234300,0.07317779,,,,,,,,,,,,,,surface_scan
new_runs/single_points_properties/outputs/lif_sp_R_1_60.out,single_points_properties,single_point,normal,1.600000,3,-106.730905397900,6.87695074,0.002689233700,0.07317778,,,,,1.000,0.000000,11100000000000000000000000000|01110000000000000000000000000,0.54552890,01110000000000000000000000000|11100000000000000000000000000,0.54552890,,,,ci_eigenvector
new_runs/single_points_properties/outputs/lif_sp_R_1_70.out,single_points_properties,single_point,normal,1.700000,1,-106.981032272600,0.07065174,,,6.89168700,0.00000000,0.00000000,-6.89168700,1.000,0.000000,11100000000000000000000000000|11100000000000000000000000000,0.98849790,,,0.69837800,-0.69837800,2.0000 2.0000 2.0000 1.9875 1.9864,ci_eigenvector
new_runs/single_points_properties/outputs/lif_sp_R_1_70.out,single_points_properties,single_point,normal,1.700000,2,-106.743701022100,6.52876406,0.237331250500,6.45811233,,,,,3.000,2.000000,11100000000000000000000000000|01110000000000000000000000000,0.54909790,01110000000000000000000000000|11100000000000000000000000000,-0.54909790,,,,ci_eigenvector
new_runs/single_points_properties/outputs/lif_sp_R_1_70.out,single_points_properties,single_point,normal,1.700000,3,-106.740548110600,6.61455916,0.003152911500,0.08579509,,,,,1.000,0.000000,01110000000000000000000000000|11100000000000000000000000000,-0.55850370,11100000000000000000000000000|01110000000000000000000000000,-0.55850370,,,,ci_eigenvector
new_runs/scan_selected/lif_selected_scan.out,scan_selected,surface,normal,1.700000,1,-106.981032276300,0.07065164,,,,,,,,,,,,,,,,surface_scan
new_runs/scan_selected/lif_selected_scan.out,scan_selected,surface,normal,1.700000,2,-106.743701031700,6.52876380,0.237331244600,6.45811217,,,,,,,,,,,,,,surface_scan
new_runs/scan_selected/lif_selected_scan.out,scan_selected,surface,normal,1.700000,3,-106.740548119600,6.61455891,0.003152912100,0.08579511,,,,,,,,,,,,,,surface_scan
lif_scan/LiF_CI.out,lif_scan,surface,normal,1.750000,1,-106.978247844700,0.14641988,,,,,,,,,,,,,,,,surface_scan
lif_scan/LiF_CI.out,lif_scan,surface,normal,1.750000,2,-106.747364214200,6.42908353,0.230883630500,6.28266365,,,,,,,,,,,,,,surface_scan
lif_scan/LiF_CI.out,lif_scan,surface,normal,1.750000,3,-106.743963077800,6.52163317,0.003401136400,0.09254964,,,,,,,,,,,,,,surface_scan
new_runs/single_points_properties/outputs/lif_sp_R_1_80.out,single_points_properties,single_point,normal,1.800000,1,-106.974784590700,0.24065982,,,7.32358100,0.00000000,0.00000000,-7.32358100,1.000,0.000000,11100000000000000000000000000|11100000000000000000000000000,-0.98774190,,,0.71225300,-0.71225300,2.0000 2.0000 2.0000 1.9861 1.9861,ci_eigenvector
new_runs/single_points_properties/outputs/lif_sp_R_1_80.out,single_points_properties,single_point,normal,1.800000,2,-106.750327532100,6.34844754,0.224457058600,6.10778772,,,,,3.000,2.000000,01110000000000000000000000000|11100000000000000000000000000,0.55932340,11100000000000000000000000000|01110000000000000000000000000,-0.55932340,,,,ci_eigenvector
new_runs/single_points_properties/outputs/lif_sp_R_1_80.out,single_points_properties,single_point,normal,1.800000,3,-106.746670705900,6.44795485,0.003656826200,0.09950731,,,,,1.000,0.000000,11100000000000000000000000000|01110000000000000000000000000,-0.56975990,01110000000000000000000000000|11100000000000000000000000000,-0.56975990,,,,ci_eigenvector
lif_scan/LiF_CI.out,lif_scan,surface,normal,2.000000,1,-106.957355156200,0.71493890,,,,,,,,,,,,,,,,surface_scan
lif_scan/LiF_CI.out,lif_scan,surface,normal,2.000000,2,-106.757866558900,6.14330017,0.199488597300,5.42836127,,,,,,,,,,,,,,surface_scan
lif_scan/LiF_CI.out,lif_scan,surface,normal,2.000000,3,-106.753142853800,6.27183873,0.004723705100,0.12853856,,,,,,,,,,,,,,surface_scan
lif_scan/LiF_CI.out,lif_scan,surface,normal,2.250000,1,-106.933430015100,1.36597515,,,,,,,,,,,,,,,,surface_scan
lif_scan/LiF_CI.out,lif_scan,surface,normal,2.250000,2,-106.762805245100,6.00891167,0.170624770000,4.64293652,,,,,,,,,,,,,,surface_scan
lif_scan/LiF_CI.out,lif_scan,surface,normal,2.250000,3,-106.756831865200,6.17145562,0.005973379900,0.16254395,,,,,,,,,,,,,,surface_scan
lif_scan/LiF_CI.out,lif_scan,surface,normal,2.500000,1,-106.910881013900,1.97956473,,,,,,,,,,,,,,,,surface_scan
lif_scan/LiF_CI.out,lif_scan,surface,normal,2.500000,2,-106.765893701000,5.92487051,0.144987312900,3.94530577,,,,,,,,,,,,,,surface_scan
lif_scan/LiF_CI.out,lif_scan,surface,normal,2.500000,3,-106.759063449900,6.11073111,0.006830251100,0.18586060,,,,,,,,,,,,,,surface_scan
lif_scan/LiF_CI.out,lif_scan,surface,normal,2.750000,1,-106.890935071800,2.52232147,,,,,,,,,,,,,,,,surface_scan
lif_scan/LiF_CI.out,lif_scan,surface,normal,2.750000,2,-106.768102763700,5.86475885,0.122832308100,3.34243738,,,,,,,,,,,,,,surface_scan
lif_scan/LiF_CI.out,lif_scan,surface,normal,2.750000,3,-106.760982957900,6.05849863,0.007119805800,0.19373979,,,,,,,,,,,,,,surface_scan
lif_scan/LiF_CI.out,lif_scan,surface,normal,3.000000,1,-106.873643944200,2.99283702,,,,,,,,,,,,,,,,surface_scan
lif_scan/LiF_CI.out,lif_scan,surface,normal,3.000000,2,-106.769677058500,5.82192010,0.103966885700,2.82908308,,,,,,,,,,,,,,surface_scan
lif_scan/LiF_CI.out,lif_scan,surface,normal,3.000000,3,-106.762812032600,6.00872698,0.006865025900,0.18680687,,,,,,,,,,,,,,surface_scan
lif_scan/LiF_CI.out,lif_scan,surface,normal,3.250000,1,-106.858709042100,3.39923641,,,,,,,,,,,,,,,,surface_scan
lif_scan/LiF_CI.out,lif_scan,surface,normal,3.250000,2,-106.770733918200,5.79316149,0.087975123900,2.39392508,,,,,,,,,,,,,,surface_scan
lif_scan/LiF_CI.out,lif_scan,surface,normal,3.250000,3,-106.764515445400,5.96237475,0.006218472800,0.16921327,,,,,,,,,,,,,,surface_scan
lif_scan/LiF_CI.out,lif_scan,surface,normal,3.500000,1,-106.845792316000,3.75071843,,,,,,,,,,,,,,,,surface_scan
lif_scan/LiF_CI.out,lif_scan,surface,normal,3.500000,2,-106.771392849600,5.77523105,0.074399466400,2.02451262,,,,,,,,,,,,,,surface_scan
lif_scan/LiF_CI.out,lif_scan,surface,normal,3.500000,3,-106.766026763900,5.92124968,0.005366085700,0.14601863,,,,,,,,,,,,,,surface_scan
lif_scan/LiF_CI.out,lif_scan,surface,normal,3.750000,1,-106.834571886700,4.05604187,,,,,,,,,,,,,,,,surface_scan
lif_scan/LiF_CI.out,lif_scan,surface,normal,3.750000,2,-106.771753024400,5.76543019,0.062818862300,1.70938833,,,,,,,,,,,,,,surface_scan
lif_scan/LiF_CI.out,lif_scan,surface,normal,3.750000,3,-106.767290092300,5.88687276,0.004462932100,0.12144257,,,,,,,,,,,,,,surface_scan
lif_scan/LiF_CI.out,lif_scan,surface,normal,4.000000,1,-106.824753957500,4.32320133,,,,,,,,,,,,,,,,surface_scan
lif_scan/LiF_CI.out,lif_scan,surface,normal,4.000000,2,-106.771886328700,5.76180280,0.052867628800,1.43860147,,,,,,,,,,,,,,surface_scan
lif_scan/LiF_CI.out,lif_scan,surface,normal,4.000000,3,-106.768274468100,5.86008653,0.003611860600,0.09828373,,,,,,,,,,,,,,surface_scan
lif_scan/LiF_CI.out,lif_scan,surface,normal,4.250000,1,-106.816096972500,4.55876990,,,,,,,,,,,,,,,,surface_scan
lif_scan/LiF_CI.out,lif_scan,surface,normal,4.250000,2,-106.771859225100,5.76254033,0.044237747400,1.20377043,,,,,,,,,,,,,,surface_scan
lif_scan/LiF_CI.out,lif_scan,surface,normal,4.250000,3,-106.768991073100,5.84058672,0.002868152000,0.07804639,,,,,,,,,,,,,,surface_scan
lif_scan/LiF_CI.out,lif_scan,surface,normal,4.500000,1,-106.808420408800,4.76765983,,,,,,,,,,,,,,,,surface_scan
new_runs/single_points_properties/outputs/lif_sp_R_4_50.out,single_points_properties,single_point,normal,4.500000,1,-106.808420404200,4.76765996,,,20.23930100,0.00000000,0.00000000,-20.23930100,1.000,0.000000,11100000000000000000000000000|11100000000000000000000000000,-0.97271020,11010000000000000000000000000|11100000000000000000000000000,0.08210230,0.92531700,-0.92531700,2.0000 2.0000 2.0000 1.9833 1.9833,ci_eigenvector
lif_scan/LiF_CI.out,lif_scan,surface,normal,4.500000,2,-106.771739283700,5.76580410,0.036681125100,0.99814426,,,,,,,,,,,,,,surface_scan
new_runs/single_points_properties/outputs/lif_sp_R_4_50.out,single_points_properties,single_point,normal,4.500000,2,-106.771739266200,5.76580457,0.036681138000,0.99814461,,,,,3.000,2.000000,11100000000000000000000000000|11010000000000000000000000000,0.63400780,11010000000000000000000000000|11100000000000000000000000000,-0.63400780,,,,ci_eigenvector
lif_scan/LiF_CI.out,lif_scan,surface,normal,4.500000,3,-106.769486902400,5.82709452,0.002252381300,0.06129042,,,,,,,,,,,,,,surface_scan
new_runs/single_points_properties/outputs/lif_sp_R_4_50.out,single_points_properties,single_point,normal,4.500000,3,-106.769486885700,5.82709497,0.002252380500,0.06129040,,,,,1.000,0.000000,11010000000000000000000000000|11100000000000000000000000000,0.63469650,11100000000000000000000000000|11010000000000000000000000000,0.63469650,,,,ci_eigenvector
lif_scan/LiF_CI.out,lif_scan,surface,normal,4.750000,1,-106.801586085700,4.95363124,,,,,,,,,,,,,,,,surface_scan
lif_scan/LiF_CI.out,lif_scan,surface,normal,4.750000,2,-106.771579490100,5.77015230,0.030006595600,0.81652106,,,,,,,,,,,,,,surface_scan
lif_scan/LiF_CI.out,lif_scan,surface,normal,4.750000,3,-106.769816064200,5.81813757,0.001763425900,0.04798526,,,,,,,,,,,,,,surface_scan
lif_scan/LiF_CI.out,lif_scan,surface,normal,5.000000,1,-106.795476558800,5.11987994,,,,,,,,,,,,,,,,surface_scan
new_runs/single_points_properties/outputs/lif_sp_R_5_00.out,single_points_properties,single_point,normal,5.000000,1,-106.795476558300,5.11987995,,,22.63594500,0.00000000,0.00000000,-22.63594500,1.000,0.000000,11100000000000000000000000000|11100000000000000000000000000,-0.97051150,11100000000000000000000000000|11010000000000000000000000000,0.09741090,0.93377000,-0.93377000,2.0000 2.0000 2.0000 1.9835 1.9835,ci_eigenvector
lif_scan/LiF_CI.out,lif_scan,surface,normal,5.000000,2,-106.771407523600,5.77483175,0.024069035200,0.65495181,,,,,,,,,,,,,,surface_scan
new_runs/single_points_properties/outputs/lif_sp_R_5_00.out,single_points_properties,single_point,normal,5.000000,2,-106.771407520000,5.77483185,0.024069038300,0.65495190,,,,,3.000,2.000000,11010000000000000000000000000|11100000000000000000000000000,-0.64349150,11100000000000000000000000000|11010000000000000000000000000,0.64349150,,,,ci_eigenvector
lif_scan/LiF_CI.out,lif_scan,surface,normal,5.000000,3,-106.770018544400,5.81262780,0.001388979200,0.03779605,,,,,,,,,,,,,,surface_scan
new_runs/single_points_properties/outputs/lif_sp_R_5_00.out,single_points_properties,single_point,normal,5.000000,3,-106.770018540900,5.81262789,0.001388979100,0.03779605,,,,,1.000,0.000000,11100000000000000000000000000|11010000000000000000000000000,0.63900360,11010000000000000000000000000|11100000000000000000000000000,0.63900360,,,,ci_eigenvector
lif_scan/LiF_CI.out,lif_scan,surface,normal,5.250000,1,-106.789989045500,5.26920278,,,,,,,,,,,,,,,,surface_scan
new_runs/scan_crossing/lif_crossing_scan.out,scan_crossing,surface,normal,5.250000,1,-106.789989058000,5.26920244,,,,,,,,,,,,,,,,surface_scan
lif_scan/LiF_CI.out,lif_scan,surface,normal,5.250000,2,-106.771232517900,5.77959390,0.018756527600,0.51039112,,,,,,,,,,,,,,surface_scan
new_runs/scan_crossing/lif_crossing_scan.out,scan_crossing,surface,normal,5.250000,2,-106.771232559900,5.77959276,0.018756498100,0.51039031,,,,,,,,,,,,,,surface_scan
lif_scan/LiF_CI.out,lif_scan,surface,normal,5.250000,3,-106.770118915800,5.80989655,0.001113602100,0.03030266,,,,,,,,,,,,,,surface_scan
new_runs/scan_crossing/lif_crossing_scan.out,scan_crossing,surface,normal,5.250000,3,-106.770118955900,5.80989546,0.001113604000,0.03030271,,,,,,,,,,,,,,surface_scan
new_runs/single_points_properties/outputs/lif_sp_R_5_30.out,single_points_properties,single_point,normal,5.300000,1,-106.788958436800,5.29724707,,,23.97423600,0.00000000,0.00000000,-23.97423600,1.000,0.000000,11100000000000000000000000000|11100000000000000000000000000,-0.96782770,11010000000000000000000000000|11100000000000000000000000000,0.11086020,0.93399500,-0.93399500,2.0000 2.0000 2.0000 1.9835 1.9835,ci_eigenvector
new_runs/single_points_properties/outputs/lif_sp_R_5_30.out,single_points_properties,single_point,normal,5.300000,2,-106.771197420400,5.78054895,0.017761016400,0.48330188,,,,,3.000,2.000000,11010000000000000000000000000|11100000000000000000000000000,0.64812300,11100000000000000000000000000|11010000000000000000000000000,-0.64812300,,,,ci_eigenvector
new_runs/single_points_properties/outputs/lif_sp_R_5_30.out,single_points_properties,single_point,normal,5.300000,3,-106.770128250100,5.80964256,0.001069170300,0.02909361,,,,,1.000,0.000000,11100000000000000000000000000|11010000000000000000000000000,-0.64048070,11010000000000000000000000000|11100000000000000000000000000,-0.64048070,,,,ci_eigenvector
new_runs/scan_crossing/lif_crossing_scan.out,scan_crossing,surface,normal,5.350000,1,-106.787948737000,5.32472240,,,,,,,,,,,,,,,,surface_scan
new_runs/scan_crossing/lif_crossing_scan.out,scan_crossing,surface,normal,5.350000,2,-106.771162367400,5.78150279,0.016786369600,0.45678039,,,,,,,,,,,,,,surface_scan
new_runs/scan_crossing/lif_crossing_scan.out,scan_crossing,surface,normal,5.350000,3,-106.770134270900,5.80947872,0.001028096500,0.02797593,,,,,,,,,,,,,,surface_scan
new_runs/scan_crossing/lif_crossing_scan.out,scan_crossing,surface,normal,5.450000,1,-106.785990082500,5.37802011,,,,,,,,,,,,,,,,surface_scan
new_runs/scan_crossing/lif_crossing_scan.out,scan_crossing,surface,normal,5.450000,2,-106.771092539500,5.78340290,0.014897543000,0.40538280,,,,,,,,,,,,,,surface_scan
new_runs/scan_crossing/lif_crossing_scan.out,scan_crossing,surface,normal,5.450000,3,-106.770136714200,5.80941224,0.000955825300,0.02600933,,,,,,,,,,,,,,surface_scan
lif_scan/LiF_CI.out,lif_scan,surface,normal,5.500000,1,-106.785040245200,5.40386650,,,,,,,,,,,,,,,,surface_scan
new_runs/single_points_properties/outputs/lif_sp_R_5_50.out,single_points_properties,single_point,normal,5.500000,1,-106.785040242100,5.40386658,,,24.76867600,0.00000000,0.00000000,-24.76867600,1.000,0.000000,11100000000000000000000000000|11100000000000000000000000000,0.96452300,11100000000000000000000000000|11010000000000000000000000000,-0.12412240,0.93023600,-0.93023600,2.0000 2.0000 2.0000 1.9834 1.9834,ci_eigenvector
lif_scan/LiF_CI.out,lif_scan,surface,normal,5.500000,2,-106.771057855500,5.78434670,0.013982389700,0.38048021,,,,,,,,,,,,,,surface_scan
new_runs/single_points_properties/outputs/lif_sp_R_5_50.out,single_points_properties,single_point,normal,5.500000,2,-106.771057842500,5.78434706,0.013982399600,0.38048048,,,,,3.000,2.000000,11010000000000000000000000000|11100000000000000000000000000,0.65088020,11100000000000000000000000000|11010000000000000000000000000,-0.65088020,,,,ci_eigenvector
lif_scan/LiF_CI.out,lif_scan,surface,normal,5.500000,3,-106.770133274900,5.80950582,0.000924580600,0.02515912,,,,,,,,,,,,,,surface_scan
new_runs/single_points_properties/outputs/lif_sp_R_5_50.out,single_points_properties,single_point,normal,5.500000,3,-106.770133262500,5.80950616,0.000924580000,0.02515910,,,,,1.000,0.000000,11100000000000000000000000000|11010000000000000000000000000,0.64036490,11010000000000000000000000000|11100000000000000000000000000,0.64036490,,,,ci_eigenvector
new_runs/scan_crossing/lif_crossing_scan.out,scan_crossing,surface,normal,5.550000,1,-106.784109558400,5.42919178,,,,,,,,,,,,,,,,surface_scan
new_runs/scan_crossing/lif_crossing_scan.out,scan_crossing,surface,normal,5.550000,2,-106.771023353800,5.78528554,0.013086204600,0.35609377,,,,,,,,,,,,,,surface_scan
new_runs/scan_crossing/lif_crossing_scan.out,scan_crossing,surface,normal,5.550000,3,-106.770126740600,5.80968363,0.000896613200,0.02439809,,,,,,,,,,,,,,surface_scan
new_runs/single_points_properties/outputs/lif_sp_R_5_60.out,single_points_properties,single_point,normal,5.600000,1,-106.783197728900,5.45400392,,,25.11072000,0.00000000,0.00000000,-25.11072000,1.000,0.000000,11100000000000000000000000000|11100000000000000000000000000,-0.96197270,11100000000000000000000000000|11010000000000000000000000000,0.13301190,0.92629600,-0.92629600,2.0000 2.0000 2.0000 1.9833 1.9833,ci_eigenvector
new_runs/single_points_properties/outputs/lif_sp_R_5_60.out,single_points_properties,single_point,normal,5.600000,2,-106.770989154200,5.78621616,0.012208574700,0.33221224,,,,,3.000,2.000000,11010000000000000000000000000|11100000000000000000000000000,0.65217840,11100000000000000000000000000|11010000000000000000000000000,-0.65217840,,,,ci_eigenvector
new_runs/single_points_properties/outputs/lif_sp_R_5_60.out,single_points_properties,single_point,normal,5.600000,3,-106.770117169200,5.80994408,0.000871985000,0.02372792,,,,,1.000,0.000000,11100000000000000000000000000|11010000000000000000000000000,-0.63968280,11010000000000000000000000000|11100000000000000000000000000,-0.63968280,,,,ci_eigenvector
new_runs/scan_crossing/lif_crossing_scan.out,scan_crossing,surface,normal,5.650000,1,-106.782304498300,5.47830996,,,,,,,,,,,,,,,,surface_scan
new_runs/single_points_properties/outputs/lif_sp_R_5_65.out,single_points_properties,single_point,normal,5.650000,1,-106.782304495900,5.47831003,,,25.26077700,0.00000000,0.00000000,-25.26077700,1.000,0.000000,11100000000000000000000000000|11100000000000000000000000000,-0.96035500,11100000000000000000000000000|11010000000000000000000000000,0.13828500,0.92358600,-0.92358600,2.0000 2.0000 2.0000 1.9833 1.9833,ci_eigenvector
new_runs/scan_crossing/lif_crossing_scan.out,scan_crossing,surface,normal,5.650000,2,-106.770955238400,5.78713906,0.011349259900,0.30882909,,,,,,,,,,,,,,surface_scan
new_runs/single_points_properties/outputs/lif_sp_R_5_65.out,single_points_properties,single_point,normal,5.650000,2,-106.770955225400,5.78713941,0.011349270500,0.30882938,,,,,3.000,2.000000,11010000000000000000000000000|11100000000000000000000000000,-0.65279040,11100000000000000000000000000|11010000000000000000000000000,0.65279040,,,,ci_eigenvector
new_runs/scan_crossing/lif_crossing_scan.out,scan_crossing,surface,normal,5.650000,3,-106.770104432000,5.81029068,0.000850806400,0.02315162,,,,,,,,,,,,,,surface_scan
new_runs/single_points_properties/outputs/lif_sp_R_5_65.out,single_points_properties,single_point,normal,5.650000,3,-106.770104419800,5.81029101,0.000850805600,0.02315160,,,,,1.000,0.000000,11100000000000000000000000000|11010000000000000000000000000,-0.63909460,11010000000000000000000000000|11100000000000000000000000000,-0.63909460,,,,ci_eigenvector
new_runs/single_points_properties/outputs/lif_sp_R_5_70.out,single_points_properties,single_point,normal,5.700000,1,-106.781429719700,5.50211390,,,25.39228800,0.00000000,0.00000000,-25.39228800,1.000,0.000000,11100000000000000000000000000|11100000000000000000000000000,0.95843020,11100000000000000000000000000|11010000000000000000000000000,-0.14424670,0.92022400,-0.92022400,2.0000 2.0000 2.0000 1.9832 1.9832,ci_eigenvector
new_runs/single_points_properties/outputs/lif_sp_R_5_70.out,single_points_properties,single_point,normal,5.700000,2,-106.770921719500,5.78805115,0.010508000200,0.28593725,,,,,3.000,2.000000,11010000000000000000000000000|11100000000000000000000000000,0.65338570,11100000000000000000000000000|11010000000000000000000000000,-0.65338570,,,,ci_eigenvector
new_runs/single_points_properties/outputs/lif_sp_R_5_70.out,single_points_properties,single_point,normal,5.700000,3,-106.770088472800,5.81072495,0.000833246700,0.02267380,,,,,1.000,0.000000,11100000000000000000000000000|11010000000000000000000000000,0.63829930,11010000000000000000000000000|11100000000000000000000000000,0.63829930,,,,ci_eigenvector
lif_scan/LiF_CI.out,lif_scan,surface,normal,5.750000,1,-106.780573329500,5.52541747,,,,,,,,,,,,,,,,surface_scan
new_runs/scan_crossing/lif_crossing_scan.out,scan_crossing,surface,normal,5.750000,1,-106.780573325700,5.52541757,,,,,,,,,,,,,,,,surface_scan
new_runs/single_points_properties/outputs/lif_sp_R_5_75.out,single_points_properties,single_point,normal,5.750000,1,-106.780573329900,5.52541745,,,25.50051600,0.00000000,0.00000000,-25.50051600,1.000,0.000000,11100000000000000000000000000|11100000000000000000000000000,0.95611720,11100000000000000000000000000|11010000000000000000000000000,0.15103510,0.91605100,-0.91605100,2.0000 2.0000 2.0000 1.9831 1.9831,ci_eigenvector
lif_scan/LiF_CI.out,lif_scan,surface,normal,5.750000,2,-106.770888671500,5.78895044,0.009684658000,0.26353297,,,,,,,,,,,,,,surface_scan
new_runs/scan_crossing/lif_crossing_scan.out,scan_crossing,surface,normal,5.750000,2,-106.770888660000,5.78895075,0.009684665700,0.26353318,,,,,,,,,,,,,,surface_scan
new_runs/single_points_properties/outputs/lif_sp_R_5_75.out,single_points_properties,single_point,normal,5.750000,2,-106.770888670700,5.78895046,0.009684659200,0.26353300,,,,,3.000,2.000000,11010000000000000000000000000|11100000000000000000000000000,-0.65396450,11100000000000000000000000000|11010000000000000000000000000,0.65396450,,,,ci_eigenvector
lif_scan/LiF_CI.out,lif_scan,surface,normal,5.750000,3,-106.770069115300,5.81125170,0.000819556200,0.02230126,,,,,,,,,,,,,,surface_scan
new_runs/scan_crossing/lif_crossing_scan.out,scan_crossing,surface,normal,5.750000,3,-106.770069104500,5.81125199,0.000819555500,0.02230124,,,,,,,,,,,,,,surface_scan
new_runs/single_points_properties/outputs/lif_sp_R_5_75.out,single_points_properties,single_point,normal,5.750000,3,-106.770069114600,5.81125171,0.000819556100,0.02230126,,,,,1.000,0.000000,11100000000000000000000000000|11010000000000000000000000000,-0.63724210,11010000000000000000000000000|11100000000000000000000000000,-0.63724210,,,,ci_eigenvector
new_runs/single_points_properties/outputs/lif_sp_R_5_80.out,single_points_properties,single_point,normal,5.800000,1,-106.779735367800,5.54821957,,,25.57910600,0.00000000,0.00000000,-25.57910600,1.000,0.000000,11100000000000000000000000000|11100000000000000000000000000,-0.95331160,11100000000000000000000000000|11010000000000000000000000000,-0.15883290,0.91086200,-0.91086200,2.0000 2.0000 2.0000 1.9830 1.9830,ci_eigenvector
new_runs/single_points_properties/outputs/lif_sp_R_5_80.out,single_points_properties,single_point,normal,5.800000,2,-106.770856110300,5.78983647,0.008879257500,0.24161691,,,,,3.000,2.000000,11010000000000000000000000000|11100000000000000000000000000,-0.65450320,11100000000000000000000000000|11010000000000000000000000000,0.65450320,,,,ci_eigenvector
new_runs/single_points_properties/outputs/lif_sp_R_5_80.out,single_points_properties,single_point,normal,5.800000,3,-106.770046016100,5.81188026,0.000810094200,0.02204379,,,,,1.000,0.000000,11100000000000000000000000000|11010000000000000000000000000,-0.63583270,11010000000000000000000000000|11100000000000000000000000000,-0.63583270,,,,ci_eigenvector
new_runs/scan_crossing/lif_crossing_scan.out,scan_crossing,surface,normal,5.850000,1,-106.778916050000,5.57051434,,,,,,,,,,,,,,,,surface_scan
new_runs/single_points_properties/outputs/lif_sp_R_5_85.out,single_points_properties,single_point,normal,5.850000,1,-106.778916046100,5.57051444,,,25.61938100,0.00000000,0.00000000,-25.61938100,1.000,0.000000,11100000000000000000000000000|11100000000000000000000000000,-0.94985420,11010000000000000000000000000|11100000000000000000000000000,0.16785040,0.90435700,-0.90435700,2.0000 2.0000 2.0000 1.9829 1.9829,ci_eigenvector
new_runs/scan_crossing/lif_crossing_scan.out,scan_crossing,surface,normal,5.850000,2,-106.770824095900,5.79070763,0.008091954100,0.22019329,,,,,,,,,,,,,,surface_scan
new_runs/single_points_properties/outputs/lif_sp_R_5_85.out,single_points_properties,single_point,normal,5.850000,2,-106.770824080500,5.79070805,0.008091965600,0.22019360,,,,,3.000,2.000000,11100000000000000000000000000|11010000000000000000000000000,-0.65505030,11010000000000000000000000000|11100000000000000000000000000,0.65505030,,,,ci_eigenvector
new_runs/scan_crossing/lif_crossing_scan.out,scan_crossing,surface,normal,5.850000,3,-106.770018746900,5.81262229,0.000805349000,0.02191466,,,,,,,,,,,,,,surface_scan
new_runs/single_points_properties/outputs/lif_sp_R_5_85.out,single_points_properties,single_point,normal,5.850000,3,-106.770018732600,5.81262268,0.000805347900,0.02191463,,,,,1.000,0.000000,11010000000000000000000000000|11100000000000000000000000000,-0.63400920,11100000000000000000000000000|11010000000000000000000000000,-0.63400920,,,,ci_eigenvector
new_runs/single_points_properties/outputs/lif_sp_R_5_90.out,single_points_properties,single_point,normal,5.900000,1,-106.778115801600,5.59229021,,,25.60930200,0.00000000,0.00000000,-25.60930200,1.000,0.000000,11100000000000000000000000000|11100000000000000000000000000,-0.94554090,11100000000000000000000000000|11010000000000000000000000000,0.17838150,0.89614300,-0.89614300,2.0000 2.0000 2.0000 1.9827 1.9827,ci_eigenvector
new_runs/single_points_properties/outputs/lif_sp_R_5_90.out,single_points_properties,single_point,normal,5.900000,2,-106.770792705300,5.79156181,0.007323096300,0.19927160,,,,,3.000,2.000000,11010000000000000000000000000|11100000000000000000000000000,-0.65558210,11100000000000000000000000000|11010000000000000000000000000,0.65558210,,,,ci_eigenvector
new_runs/single_points_properties/outputs/lif_sp_R_5_90.out,single_points_properties,single_point,normal,5.900000,3,-106.769986677200,5.81349495,0.000806028100,0.02193314,,,,,1.000,0.000000,11100000000000000000000000000|11010000000000000000000000000,0.63161610,11010000000000000000000000000|11100000000000000000000000000,0.63161610,,,,ci_eigenvector
new_runs/scan_crossing/lif_crossing_scan.out,scan_crossing,surface,normal,5.950000,1,-106.777335322800,5.61352812,,,,,,,,,,,,,,,,surface_scan
new_runs/single_points_properties/outputs/lif_sp_R_5_95.out,single_points_properties,single_point,normal,5.950000,1,-106.777335329000,5.61352795,,,25.53193000,0.00000000,0.00000000,-25.53193000,1.000,0.000000,11100000000000000000000000000|11100000000000000000000000000,0.94007710,11100000000000000000000000000|11010000000000000000000000000,0.19081020,0.88567300,-0.88567300,2.0000 2.0000 2.0000 1.9825 1.9825,ci_eigenvector
new_runs/scan_crossing/lif_crossing_scan.out,scan_crossing,surface,normal,5.950000,2,-106.770761970500,5.79239814,0.006573352300,0.17887003,,,,,,,,,,,,,,surface_scan
new_runs/single_points_properties/outputs/lif_sp_R_5_95.out,single_points_properties,single_point,normal,5.950000,2,-106.770761985800,5.79239773,0.006573343200,0.17886978,,,,,3.000,2.000000,11010000000000000000000000000|11100000000000000000000000000,0.65611820,11100000000000000000000000000|11010000000000000000000000000,-0.65611820,,,,ci_eigenvector
new_runs/scan_crossing/lif_crossing_scan.out,scan_crossing,surface,normal,5.950000,3,-106.769948860200,5.81452400,0.000813110300,0.02212586,,,,,,,,,,,,,,surface_scan
new_runs/single_points_properties/outputs/lif_sp_R_5_95.out,single_points_properties,single_point,normal,5.950000,3,-106.769948874300,5.81452362,0.000813111500,0.02212589,,,,,1.000,0.000000,11100000000000000000000000000|11010000000000000000000000000,0.62847160,11010000000000000000000000000|11100000000000000000000000000,0.62847160,,,,ci_eigenvector
lif_scan/LiF_CI.out,lif_scan,surface,normal,6.000000,1,-106.776575742100,5.63419736,,,,,,,,,,,,,,,,surface_scan
new_runs/single_points_properties/outputs/lif_sp_R_6_00.out,single_points_properties,single_point,normal,6.000000,1,-106.776575741400,5.63419738,,,25.36298300,0.00000000,0.00000000,-25.36298300,1.000,0.000000,11100000000000000000000000000|11100000000000000000000000000,0.93302490,11100000000000000000000000000|11010000000000000000000000000,0.20561060,0.87213600,-0.87213600,2.0000 2.0000 2.0000 1.9823 1.9823,ci_eigenvector
lif_scan/LiF_CI.out,lif_scan,surface,normal,6.000000,2,-106.770731965900,5.79321461,0.005843776200,0.15901725,,,,,,,,,,,,,,surface_scan
new_runs/single_points_properties/outputs/lif_sp_R_6_00.out,single_points_properties,single_point,normal,6.000000,2,-106.770731962800,5.79321470,0.005843778600,0.15901732,,,,,3.000,2.000000,11010000000000000000000000000|11100000000000000000000000000,-0.65662090,11100000000000000000000000000|11010000000000000000000000000,0.65662090,,,,ci_eigenvector
lif_scan/LiF_CI.out,lif_scan,surface,normal,6.000000,3,-106.769903984000,5.81574515,0.000827981900,0.02253054,,,,,,,,,,,,,,surface_scan
new_runs/single_points_properties/outputs/lif_sp_R_6_00.out,single_points_properties,single_point,normal,6.000000,3,-106.769903981200,5.81574522,0.000827981600,0.02253053,,,,,1.000,0.000000,11100000000000000000000000000|11010000000000000000000000000,-0.62425890,11010000000000000000000000000|11100000000000000000000000000,-0.62425890,,,,ci_eigenvector
new_runs/scan_crossing/lif_crossing_scan.out,scan_crossing,surface,normal,6.050000,1,-106.775838762400,5.65425160,,,,,,,,,,,,,,,,surface_scan
new_runs/single_points_properties/outputs/lif_sp_R_6_05.out,single_points_properties,single_point,normal,6.050000,1,-106.775838763100,5.65425158,,,25.06726100,0.00000000,0.00000000,-25.06726100,1.000,0.000000,11100000000000000000000000000|11100000000000000000000000000,-0.92374990,11010000000000000000000000000|11100000000000000000000000000,0.22342720,0.85439300,-0.85439300,2.0000 2.0000 2.0000 1.9820 1.9820,ci_eigenvector
new_runs/scan_crossing/lif_crossing_scan.out,scan_crossing,surface,normal,6.050000,2,-106.770702704000,5.79401087,0.005136058400,0.13975927,,,,,,,,,,,,,,surface_scan
new_runs/single_points_properties/outputs/lif_sp_R_6_05.out,single_points_properties,single_point,normal,6.050000,2,-106.770702704900,5.79401084,0.005136058200,0.13975926,,,,,3.000,2.000000,11010000000000000000000000000|11100000000000000000000000000,0.65710360,11100000000000000000000000000|11010000000000000000000000000,-0.65710360,,,,ci_eigenvector
new_runs/scan_crossing/lif_crossing_scan.out,scan_crossing,surface,normal,6.050000,3,-106.769850091400,5.81721164,0.000852612600,0.02320077,,,,,,,,,,,,,,surface_scan
new_runs/single_points_properties/outputs/lif_sp_R_6_05.out,single_points_properties,single_point,normal,6.050000,3,-106.769850092300,5.81721161,0.000852612600,0.02320077,,,,,1.000,0.000000,11100000000000000000000000000|11010000000000000000000000000,-0.61856980,11010000000000000000000000000|11100000000000000000000000000,-0.61856980,,,,ci_eigenvector
new_runs/single_points_properties/outputs/lif_sp_R_6_10.out,single_points_properties,single_point,normal,6.100000,1,-106.775126982300,5.67362012,,,24.59339800,0.00000000,0.00000000,-24.59339800,1.000,0.000000,11100000000000000000000000000|11100000000000000000000000000,0.91129370,11010000000000000000000000000|11100000000000000000000000000,-0.24507640,0.83078100,-0.83078100,2.0000 2.0000 2.0000 1.9816 1.9816,ci_eigenvector
new_runs/single_points_properties/outputs/lif_sp_R_6_10.out,single_points_properties,single_point,normal,6.100000,2,-106.770674244800,5.79478528,0.004452737500,0.12116516,,,,,3.000,2.000000,11010000000000000000000000000|11100000000000000000000000000,0.65759090,11100000000000000000000000000|11010000000000000000000000000,-0.65759090,,,,ci_eigenvector
new_runs/single_points_properties/outputs/lif_sp_R_6_10.out,single_points_properties,single_point,normal,6.100000,3,-106.769784404300,5.81899908,0.000889840500,0.02421379,,,,,1.000,0.000000,11100000000000000000000000000|11010000000000000000000000000,-0.61077110,11010000000000000000000000000|11100000000000000000000000000,-0.61077110,,,,ci_eigenvector
new_runs/scan_crossing/lif_crossing_scan.out,scan_crossing,surface,normal,6.150000,1,-106.774444264200,5.69219783,,,,,,,,,,,,,,,,surface_scan
new_runs/scan_crossing/lif_crossing_scan.out,scan_crossing,surface,normal,6.150000,2,-106.770646608300,5.79553731,0.003797655900,0.10333948,,,,,,,,,,,,,,surface_scan
new_runs/scan_crossing/lif_crossing_scan.out,scan_crossing,surface,normal,6.150000,3,-106.769702821300,5.82121906,0.000943787000,0.02568175,,,,,,,,,,,,,,surface_scan
new_runs/single_points_properties/outputs/lif_sp_R_6_20.out,single_points_properties,single_point,normal,6.200000,1,-106.773796354900,5.70982834,,,22.78342800,0.00000000,0.00000000,-22.78342800,1.000,0.000000,11100000000000000000000000000|11100000000000000000000000000,-0.87040910,11100000000000000000000000000|11010000000000000000000000000,0.30410510,0.75557800,-0.75557800,2.0000 2.0000 2.0000 1.9808 1.9808,ci_eigenvector
new_runs/single_points_properties/outputs/lif_sp_R_6_20.out,single_points_properties,single_point,normal,6.200000,2,-106.770619847700,5.79626550,0.003176507200,0.08643716,,,,,3.000,2.000000,11010000000000000000000000000|11100000000000000000000000000,0.65849170,11100000000000000000000000000|11010000000000000000000000000,-0.65849170,,,,ci_eigenvector
new_runs/single_points_properties/outputs/lif_sp_R_6_20.out,single_points_properties,single_point,normal,6.200000,3,-106.769599412900,5.82403295,0.001020434800,0.02776745,,,,,1.000,0.000000,11100000000000000000000000000|11010000000000000000000000000,0.58457380,11010000000000000000000000000|11100000000000000000000000000,0.58457380,,,,ci_eigenvector
lif_scan/LiF_CI.out,lif_scan,surface,normal,6.250000,1,-106.773191502900,5.72628720,,,,,,,,,,,,,,,,surface_scan
new_runs/scan_crossing/lif_crossing_scan.out,scan_crossing,surface,normal,6.250000,1,-106.773191500000,5.72628728,,,,,,,,,,,,,,,,surface_scan
lif_scan/LiF_CI.out,lif_scan,surface,normal,6.250000,2,-106.770593960500,5.79696993,0.002597542400,0.07068273,,,,,,,,,,,,,,surface_scan
new_runs/scan_crossing/lif_crossing_scan.out,scan_crossing,surface,normal,6.250000,2,-106.770593954500,5.79697009,0.002597545500,0.07068281,,,,,,,,,,,,,,surface_scan
lif_scan/LiF_CI.out,lif_scan,surface,normal,6.250000,3,-106.769465688000,5.82767179,0.001128272500,0.03070186,,,,,,,,,,,,,,surface_scan
new_runs/scan_crossing/lif_crossing_scan.out,scan_crossing,surface,normal,6.250000,3,-106.769465683400,5.82767191,0.001128271100,0.03070182,,,,,,,,,,,,,,surface_scan
new_runs/scan_crossing/lif_crossing_scan.out,scan_crossing,surface,normal,6.350000,1,-106.772157322000,5.75442870,,,,,,,,,,,,,,,,surface_scan
new_runs/scan_crossing/lif_crossing_scan.out,scan_crossing,surface,normal,6.350000,2,-106.770544879000,5.79830551,0.001612443000,0.04387681,,,,,,,,,,,,,,surface_scan
new_runs/scan_crossing/lif_crossing_scan.out,scan_crossing,surface,normal,6.350000,3,-106.769060066800,5.83870930,0.001484812200,0.04040380,,,,,,,,,,,,,,surface_scan
new_runs/scan_crossing/lif_crossing_scan.out,scan_crossing,surface,normal,6.450000,1,-106.771428920400,5.77424951,,,,,,,,,,,,,,,,surface_scan
new_runs/scan_crossing/lif_crossing_scan.out,scan_crossing,surface,normal,6.450000,2,-106.770499482900,5.79954080,0.000929437500,0.02529128,,,,,,,,,,,,,,surface_scan
new_runs/scan_crossing/lif_crossing_scan.out,scan_crossing,surface,normal,6.450000,3,-106.768397047800,5.85675097,0.002102435100,0.05721017,,,,,,,,,,,,,,surface_scan
lif_scan/LiF_CI.out,lif_scan,surface,normal,6.500000,1,-106.771180934200,5.78099756,,,,,,,,,,,,,,,,surface_scan
new_runs/single_points_properties/outputs/lif_sp_R_6_50.out,single_points_properties,single_point,normal,6.500000,1,-106.771180928700,5.78099771,,,7.12997100,0.00000000,0.00000000,-7.12997100,1.000,0.000000,11010000000000000000000000000|11100000000000000000000000000,0.57544320,11100000000000000000000000000|11010000000000000000000000000,0.57544320,0.22076100,-0.22076100,2.0000 2.0000 2.0000 1.9890 1.9890,ci_eigenvector
lif_scan/LiF_CI.out,lif_scan,surface,normal,6.500000,2,-106.770478175600,5.80012060,0.000702758600,0.01912304,,,,,,,,,,,,,,surface_scan
new_runs/single_points_properties/outputs/lif_sp_R_6_50.out,single_points_properties,single_point,normal,6.500000,2,-106.770478169200,5.80012077,0.000702759500,0.01912306,,,,,3.000,2.000000,11100000000000000000000000000|11010000000000000000000000000,0.66093780,11010000000000000000000000000|11100000000000000000000000000,-0.66093780,,,,ci_eigenvector
lif_scan/LiF_CI.out,lif_scan,surface,normal,6.500000,3,-106.767966917200,5.86845542,0.002511258400,0.06833482,,,,,,,,,,,,,,surface_scan
new_runs/single_points_properties/outputs/lif_sp_R_6_50.out,single_points_properties,single_point,normal,6.500000,3,-106.767966914100,5.86845550,0.002511255100,0.06833473,,,,,1.000,0.000000,11100000000000000000000000000|11100000000000000000000000000,0.86219440,11010000000000000000000000000|11100000000000000000000000000,0.32567320,,,,ci_eigenvector
new_runs/scan_crossing/lif_crossing_scan.out,scan_crossing,surface,normal,6.550000,1,-106.770994167300,5.78607975,,,,,,,,,,,,,,,,surface_scan
new_runs/scan_crossing/lif_crossing_scan.out,scan_crossing,surface,normal,6.550000,2,-106.770457774500,5.80067574,0.000536392800,0.01459599,,,,,,,,,,,,,,surface_scan
new_runs/scan_crossing/lif_crossing_scan.out,scan_crossing,surface,normal,6.550000,3,-106.767486970000,5.88151545,0.002970804500,0.08083971,,,,,,,,,,,,,,surface_scan
new_runs/scan_crossing/lif_crossing_scan.out,scan_crossing,surface,normal,6.650000,1,-106.770745574900,5.79284429,,,,,,,,,,,,,,,,surface_scan
new_runs/scan_crossing/lif_crossing_scan.out,scan_crossing,surface,normal,6.650000,2,-106.770419687000,5.80171215,0.000325887900,0.00886786,,,,,,,,,,,,,,surface_scan
new_runs/scan_crossing/lif_crossing_scan.out,scan_crossing,surface,normal,6.650000,3,-106.766435502000,5.91012735,0.003984185000,0.10841520,,,,,,,,,,,,,,surface_scan
lif_scan/LiF_CI.out,lif_scan,surface,normal,6.750000,1,-106.770594207200,5.79696322,,,,,,,,,,,,,,,,surface_scan
new_runs/scan_crossing/lif_crossing_scan.out,scan_crossing,surface,normal,6.750000,1,-106.770594204500,5.79696329,,,,,,,,,,,,,,,,surface_scan
lif_scan/LiF_CI.out,lif_scan,surface,normal,6.750000,2,-106.770385107900,5.80265310,0.000209099300,0.00568988,,,,,,,,,,,,,,surface_scan
new_runs/scan_crossing/lif_crossing_scan.out,scan_crossing,surface,normal,6.750000,2,-106.770385105100,5.80265317,0.000209099400,0.00568988,,,,,,,,,,,,,,surface_scan
lif_scan/LiF_CI.out,lif_scan,surface,normal,6.750000,3,-106.765329760800,5.94021610,0.005055347100,0.13756300,,,,,,,,,,,,,,surface_scan
new_runs/scan_crossing/lif_crossing_scan.out,scan_crossing,surface,normal,6.750000,3,-106.765329760000,5.94021612,0.005055345100,0.13756295,,,,,,,,,,,,,,surface_scan
new_runs/scan_crossing/lif_crossing_scan.out,scan_crossing,surface,normal,6.850000,1,-106.770493936200,5.79969173,,,,,,,,,,,,,,,,surface_scan
new_runs/scan_crossing/lif_crossing_scan.out,scan_crossing,surface,normal,6.850000,2,-106.770353875600,5.80350297,0.000140060600,0.00381124,,,,,,,,,,,,,,surface_scan
new_runs/scan_crossing/lif_crossing_scan.out,scan_crossing,surface,normal,6.850000,3,-106.764214074700,5.97057547,0.006139800900,0.16707249,,,,,,,,,,,,,,surface_scan
new_runs/scan_crossing/lif_crossing_scan.out,scan_crossing,surface,normal,6.950000,1,-106.770422672600,5.80163091,,,,,,,,,,,,,,,,surface_scan
new_runs/scan_crossing/lif_crossing_scan.out,scan_crossing,surface,normal,6.950000,2,-106.770325809900,5.80426668,0.000096862700,0.00263577,,,,,,,,,,,,,,surface_scan
new_runs/scan_crossing/lif_crossing_scan.out,scan_crossing,surface,normal,6.950000,3,-106.763108751000,6.00065286,0.007217058900,0.19638618,,,,,,,,,,,,,,surface_scan
lif_scan/LiF_CI.out,lif_scan,surface,normal,7.000000,1,-106.770394208700,5.80240545,,,,,,,,,,,,,,,,surface_scan
new_runs/single_points_properties/outputs/lif_sp_R_7_00.out,single_points_properties,single_point,normal,7.000000,1,-106.770394208100,5.80240547,,,0.39717600,0.00000000,0.00000000,-0.39717600,1.000,0.000000,11010000000000000000000000000|11100000000000000000000000000,0.65941680,11100000000000000000000000000|11010000000000000000000000000,0.65941680,0.01093800,-0.01093800,2.0000 2.0000 2.0000 1.9987 1.9987,ci_eigenvector
lif_scan/LiF_CI.out,lif_scan,surface,normal,7.000000,2,-106.770312900200,5.80461797,0.000081308500,0.00221252,,,,,,,,,,,,,,surface_scan
new_runs/single_points_properties/outputs/lif_sp_R_7_00.out,single_points_properties,single_point,normal,7.000000,2,-106.770312899600,5.80461799,0.000081308500,0.00221252,,,,,3.000,2.000000,11100000000000000000000000000|11010000000000000000000000000,0.66418110,11010000000000000000000000000|11100000000000000000000000000,-0.66418110,,,,ci_eigenvector
lif_scan/LiF_CI.out,lif_scan,surface,normal,7.000000,3,-106.762563136500,6.01549978,0.007749763700,0.21088181,,,,,,,,,,,,,,surface_scan
new_runs/single_points_properties/outputs/lif_sp_R_7_00.out,single_points_properties,single_point,normal,7.000000,3,-106.762563136200,6.01549979,0.007749763400,0.21088181,,,,,1.000,0.000000,11100000000000000000000000000|11100000000000000000000000000,0.98011570,11100000000000000000000000000|11010000000000000000000000000,-0.08022490,,,,ci_eigenvector
new_runs/scan_crossing/lif_crossing_scan.out,scan_crossing,surface,normal,7.050000,1,-106.770369302500,5.80308319,,,,,,,,,,,,,,,,surface_scan
new_runs/scan_crossing/lif_crossing_scan.out,scan_crossing,surface,normal,7.050000,2,-106.770300697600,5.80495002,0.000068604900,0.00186683,,,,,,,,,,,,,,surface_scan
new_runs/scan_crossing/lif_crossing_scan.out,scan_crossing,surface,normal,7.050000,3,-106.762023147100,6.03019364,0.008277550500,0.22524362,,,,,,,,,,,,,,surface_scan
new_runs/scan_crossing/lif_crossing_scan.out,scan_crossing,surface,normal,7.150000,1,-106.770327796900,5.80421261,,,,,,,,,,,,,,,,surface_scan
new_runs/scan_crossing/lif_crossing_scan.out,scan_crossing,surface,normal,7.150000,2,-106.770278315800,5.80555906,0.000049481100,0.00134645,,,,,,,,,,,,,,surface_scan
new_runs/scan_crossing/lif_crossing_scan.out,scan_crossing,surface,normal,7.150000,3,-106.760961583200,6.05908027,0.009316732600,0.25352121,,,,,,,,,,,,,,surface_scan
lif_scan/LiF_CI.out,lif_scan,surface,normal,7.250000,1,-106.770294633500,5.80511503,,,,,,,,,,,,,,,,surface_scan
new_runs/scan_crossing/lif_crossing_scan.out,scan_crossing,surface,normal,7.250000,1,-106.770294635800,5.80511497,,,,,,,,,,,,,,,,surface_scan
lif_scan/LiF_CI.out,lif_scan,surface,normal,7.250000,2,-106.770258440600,5.80609989,0.000036192900,0.00098486,,,,,,,,,,,,,,surface_scan
new_runs/scan_crossing/lif_crossing_scan.out,scan_crossing,surface,normal,7.250000,2,-106.770258442900,5.80609983,0.000036192900,0.00098486,,,,,,,,,,,,,,surface_scan
lif_scan/LiF_CI.out,lif_scan,surface,normal,7.250000,3,-106.759925927500,6.08726190,0.010332513100,0.28116200,,,,,,,,,,,,,,surface_scan
new_runs/scan_crossing/lif_crossing_scan.out,scan_crossing,surface,normal,7.250000,3,-106.759925926200,6.08726193,0.010332516700,0.28116210,,,,,,,,,,,,,,surface_scan
new_runs/scan_crossing/lif_crossing_scan.out,scan_crossing,surface,normal,7.350000,1,-106.770267615200,5.80585024,,,,,,,,,,,,,,,,surface_scan
new_runs/scan_crossing/lif_crossing_scan.out,scan_crossing,surface,normal,7.350000,2,-106.770240842600,5.80657876,0.000026772600,0.00072852,,,,,,,,,,,,,,surface_scan
new_runs/scan_crossing/lif_crossing_scan.out,scan_crossing,surface,normal,7.350000,3,-106.758916784900,6.11472207,0.011324057700,0.30814331,,,,,,,,,,,,,,surface_scan
new_runs/scan_crossing/lif_crossing_scan.out,scan_crossing,surface,normal,7.450000,1,-106.770245279100,5.80645803,,,,,,,,,,,,,,,,surface_scan
new_runs/scan_crossing/lif_crossing_scan.out,scan_crossing,surface,normal,7.450000,2,-106.770225293800,5.80700186,0.000019985300,0.00054383,,,,,,,,,,,,,,surface_scan
new_runs/scan_crossing/lif_crossing_scan.out,scan_crossing,surface,normal,7.450000,3,-106.757934078100,6.14146288,0.012291215700,0.33446102,,,,,,,,,,,,,,surface_scan
lif_scan/LiF_CI.out,lif_scan,surface,normal,7.500000,1,-106.770235526400,5.80672342,,,,,,,,,,,,,,,,surface_scan
new_runs/single_points_properties/outputs/lif_sp_R_7_50.out,single_points_properties,single_point,normal,7.500000,1,-106.770235531000,5.80672329,,,0.04897200,0.00000000,0.00000000,-0.04897200,1.000,0.000000,11100000000000000000000000000|11010000000000000000000000000,-0.66585180,11010000000000000000000000000|11100000000000000000000000000,-0.66585180,0.00156100,-0.00156100,2.0000 2.0000 2.0000 1.9992 1.9992,ci_eigenvector
lif_scan/LiF_CI.out,lif_scan,surface,normal,7.500000,2,-106.770218203500,5.80719480,0.000017322900,0.00047138,,,,,,,,,,,,,,surface_scan
new_runs/single_points_properties/outputs/lif_sp_R_7_50.out,single_points_properties,single_point,normal,7.500000,2,-106.770218208000,5.80719468,0.000017323000,0.00047138,,,,,3.000,2.000000,11010000000000000000000000000|11100000000000000000000000000,-0.66663670,11100000000000000000000000000|11010000000000000000000000000,0.66663670,,,,ci_eigenvector
lif_scan/LiF_CI.out,lif_scan,surface,normal,7.500000,3,-106.757452507100,6.15456709,0.012765696400,0.34737230,,,,,,,,,,,,,,surface_scan
new_runs/single_points_properties/outputs/lif_sp_R_7_50.out,single_points_properties,single_point,normal,7.500000,3,-106.757452507100,6.15456709,0.012765700900,0.34737242,,,,,1.000,0.000000,11100000000000000000000000000|11100000000000000000000000000,0.98590650,,,,,,ci_eigenvector
new_runs/scan_crossing/lif_crossing_scan.out,scan_crossing,surface,normal,7.550000,1,-106.770226608200,5.80696610,,,,,,,,,,,,,,,,surface_scan
new_runs/scan_crossing/lif_crossing_scan.out,scan_crossing,surface,normal,7.550000,2,-106.770211572200,5.80737525,0.000015036000,0.00040915,,,,,,,,,,,,,,surface_scan
new_runs/scan_crossing/lif_crossing_scan.out,scan_crossing,surface,normal,7.550000,3,-106.756977356900,6.16749659,0.013234215300,0.36012134,,,,,,,,,,,,,,surface_scan
new_runs/scan_crossing/lif_crossing_scan.out,scan_crossing,surface,normal,7.650000,1,-106.770210953100,5.80739209,,,,,,,,,,,,,,,,surface_scan
new_runs/scan_crossing/lif_crossing_scan.out,scan_crossing,surface,normal,7.650000,2,-106.770199580400,5.80770156,0.000011372700,0.00030947,,,,,,,,,,,,,,surface_scan
new_runs/scan_crossing/lif_crossing_scan.out,scan_crossing,surface,normal,7.650000,3,-106.756045968400,6.19284096,0.014153612000,0.38513940,,,,,,,,,,,,,,surface_scan
lif_scan/LiF_CI.out,lif_scan,surface,normal,7.750000,1,-106.770197553800,5.80775671,,,,,,,,,,,,,,,,surface_scan
new_runs/scan_crossing/lif_crossing_scan.out,scan_crossing,surface,normal,7.750000,1,-106.770197620300,5.80775490,,,,,,,,,,,,,,,,surface_scan
new_runs/scan_dissociation/lif_dissociation_scan.out,scan_dissociation,surface,normal,7.750000,1,-106.770197560600,5.80775652,,,,,,,,,,,,,,,,surface_scan
lif_scan/LiF_CI.out,lif_scan,surface,normal,7.750000,2,-106.770188903000,5.80799211,0.000008650800,0.00023540,,,,,,,,,,,,,,surface_scan
new_runs/scan_crossing/lif_crossing_scan.out,scan_crossing,surface,normal,7.750000,2,-106.770188969500,5.80799030,0.000008650800,0.00023540,,,,,,,,,,,,,,surface_scan
new_runs/scan_dissociation/lif_dissociation_scan.out,scan_dissociation,surface,normal,7.750000,2,-106.770188909800,5.80799192,0.000008650800,0.00023540,,,,,,,,,,,,,,surface_scan
lif_scan/LiF_CI.out,lif_scan,surface,normal,7.750000,3,-106.755139132300,6.21751723,0.015049770700,0.40952512,,,,,,,,,,,,,,surface_scan
new_runs/scan_crossing/lif_crossing_scan.out,scan_crossing,surface,normal,7.750000,3,-106.755139134300,6.21751718,0.015049835200,0.40952688,,,,,,,,,,,,,,surface_scan
new_runs/scan_dissociation/lif_dissociation_scan.out,scan_dissociation,surface,normal,7.750000,3,-106.755139132100,6.21751723,0.015049777700,0.40952531,,,,,,,,,,,,,,surface_scan
new_runs/scan_crossing/lif_crossing_scan.out,scan_crossing,surface,normal,7.850000,1,-106.770186254600,5.80806417,,,,,,,,,,,,,,,,surface_scan
new_runs/scan_crossing/lif_crossing_scan.out,scan_crossing,surface,normal,7.850000,2,-106.770179645400,5.80824402,0.000006609200,0.00017985,,,,,,,,,,,,,,surface_scan
new_runs/scan_crossing/lif_crossing_scan.out,scan_crossing,surface,normal,7.850000,3,-106.754256034600,6.24154754,0.015923610800,0.43330352,,,,,,,,,,,,,,surface_scan
new_runs/scan_crossing/lif_crossing_scan.out,scan_crossing,surface,normal,7.950000,1,-106.770176518400,5.80832911,,,,,,,,,,,,,,,,surface_scan
new_runs/scan_crossing/lif_crossing_scan.out,scan_crossing,surface,normal,7.950000,2,-106.770171450100,5.80846702,0.000005068300,0.00013792,,,,,,,,,,,,,,surface_scan
new_runs/scan_crossing/lif_crossing_scan.out,scan_crossing,surface,normal,7.950000,3,-106.753395825600,6.26495502,0.016775624500,0.45648800,,,,,,,,,,,,,,surface_scan
new_runs/scan_dissociation/lif_dissociation_scan.out,scan_dissociation,surface,normal,8.000000,1,-106.770172124200,5.80844868,,,,,,,,,,,,,,,,surface_scan
new_runs/single_points_properties/outputs/lif_sp_R_8_00.out,single_points_properties,single_point,normal,8.000000,1,-106.770172152900,5.80844790,,,0.00087000,0.00000000,0.00000000,0.00087000,1.000,0.000000,11010000000000000000000000000|11100000000000000000000000000,-0.66828840,11100000000000000000000000000|11010000000000000000000000000,-0.66828840,0.00037500,-0.00037500,2.0000 2.0000 2.0000 1.9993 1.9993,ci_eigenvector
new_runs/scan_dissociation/lif_dissociation_scan.out,scan_dissociation,surface,normal,8.000000,2,-106.770167680500,5.80856960,0.000004443700,0.00012092,,,,,,,,,,,,,,surface_scan
new_runs/single_points_properties/outputs/lif_sp_R_8_00.out,single_points_properties,single_point,normal,8.000000,2,-106.770167709100,5.80856882,0.000004443800,0.00012092,,,,,3.000,2.000000,11100000000000000000000000000|11010000000000000000000000000,-0.66846470,11010000000000000000000000000|11100000000000000000000000000,0.66846470,,,,ci_eigenvector
new_runs/scan_dissociation/lif_dissociation_scan.out,scan_dissociation,surface,normal,8.000000,3,-106.752974041400,6.27643235,0.017193639100,0.46786275,,,,,,,,,,,,,,surface_scan
new_runs/single_points_properties/outputs/lif_sp_R_8_00.out,single_points_properties,single_point,normal,8.000000,3,-106.752974046600,6.27643221,0.017193662500,0.46786339,,,,,1.000,0.000000,11100000000000000000000000000|11100000000000000000000000000,-0.98684980,,,,,,ci_eigenvector
new_runs/scan_crossing/lif_crossing_scan.out,scan_crossing,surface,normal,8.050000,1,-106.770168139600,5.80855711,,,,,,,,,,,,,,,,surface_scan
new_runs/scan_crossing/lif_crossing_scan.out,scan_crossing,surface,normal,8.050000,2,-106.770164240600,5.80866320,0.000003899000,0.00010610,,,,,,,,,,,,,,surface_scan
new_runs/scan_crossing/lif_crossing_scan.out,scan_crossing,surface,normal,8.050000,3,-106.752557665100,6.28776253,0.017606575500,0.47909933,,,,,,,,,,,,,,surface_scan
new_runs/scan_crossing/lif_crossing_scan.out,scan_crossing,surface,normal,8.150000,1,-106.770160895300,5.80875423,,,,,,,,,,,,,,,,surface_scan
new_runs/scan_crossing/lif_crossing_scan.out,scan_crossing,surface,normal,8.150000,2,-106.770157887700,5.80883608,0.000003007600,0.00008184,,,,,,,,,,,,,,surface_scan
new_runs/scan_crossing/lif_crossing_scan.out,scan_crossing,surface,normal,8.150000,3,-106.751740726600,6.30999256,0.018417161100,0.50115648,,,,,,,,,,,,,,surface_scan
new_runs/scan_crossing/lif_crossing_scan.out,scan_crossing,surface,normal,8.250000,1,-106.770154601100,5.80892551,,,,,,,,,,,,,,,,surface_scan
new_runs/scan_dissociation/lif_dissociation_scan.out,scan_dissociation,surface,normal,8.250000,1,-106.770154565200,5.80892649,,,,,,,,,,,,,,,,surface_scan
new_runs/single_points_properties/outputs/lif_sp_R_8_25.out,single_points_properties,single_point,normal,8.250000,1,-106.770154571700,5.80892631,,,0.00763400,0.00000000,0.00000000,0.00763400,1.000,0.000000,11010000000000000000000000000|11100000000000000000000000000,0.66911830,11100000000000000000000000000|11010000000000000000000000000,0.66911830,0.00021700,-0.00021700,2.0000 2.0000 2.0000 1.9993 1.9993,ci_eigenvector
new_runs/scan_crossing/lif_crossing_scan.out,scan_crossing,surface,normal,8.250000,2,-106.770152275700,5.80898879,0.000002325400,0.00006328,,,,,,,,,,,,,,surface_scan
new_runs/scan_dissociation/lif_dissociation_scan.out,scan_dissociation,surface,normal,8.250000,2,-106.770152239900,5.80898976,0.000002325300,0.00006327,,,,,,,,,,,,,,surface_scan
new_runs/single_points_properties/outputs/lif_sp_R_8_25.out,single_points_properties,single_point,normal,8.250000,2,-106.770152246400,5.80898958,0.000002325300,0.00006327,,,,,3.000,2.000000,11100000000000000000000000000|11010000000000000000000000000,-0.66920880,11010000000000000000000000000|11100000000000000000000000000,0.66920880,,,,ci_eigenvector
new_runs/scan_crossing/lif_crossing_scan.out,scan_crossing,surface,normal,8.250000,3,-106.750944207400,6.33166695,0.019208068300,0.52267817,,,,,,,,,,,,,,surface_scan
new_runs/scan_dissociation/lif_dissociation_scan.out,scan_dissociation,surface,normal,8.250000,3,-106.750944209100,6.33166690,0.019208030800,0.52267715,,,,,,,,,,,,,,surface_scan
new_runs/single_points_properties/outputs/lif_sp_R_8_25.out,single_points_properties,single_point,normal,8.250000,3,-106.750944209200,6.33166690,0.019208037200,0.52267732,,,,,1.000,0.000000,11100000000000000000000000000|11100000000000000000000000000,-0.98701690,,,,,,ci_eigenvector
new_runs/scan_dissociation/lif_dissociation_scan.out,scan_dissociation,surface,normal,8.500000,1,-106.770142060700,5.80926675,,,,,,,,,,,,,,,,surface_scan
new_runs/single_points_properties/outputs/lif_sp_R_8_50.out,single_points_properties,single_point,normal,8.500000,1,-106.770142108300,5.80926545,,,0.01084100,0.00000000,0.00000000,0.01084100,1.000,0.000000,11010000000000000000000000000|11100000000000000000000000000,-0.66981290,11100000000000000000000000000|11010000000000000000000000000,-0.66981290,0.00013900,-0.00013900,2.0000 2.0000 2.0000 1.9993 1.9993,ci_eigenvector
new_runs/scan_dissociation/lif_dissociation_scan.out,scan_dissociation,surface,normal,8.500000,2,-106.770140828900,5.80930027,0.000001231800,0.00003352,,,,,,,,,,,,,,surface_scan
new_runs/single_points_properties/outputs/lif_sp_R_8_50.out,single_points_properties,single_point,normal,8.500000,2,-106.770140876600,5.80929897,0.000001231700,0.00003352,,,,,3.000,2.000000,11100000000000000000000000000|11010000000000000000000000000,0.66986050,11010000000000000000000000000|11100000000000000000000000000,-0.66986050,,,,ci_eigenvector
new_runs/scan_dissociation/lif_dissociation_scan.out,scan_dissociation,surface,normal,8.500000,3,-106.749037243300,6.38355809,0.021103585600,0.57425782,,,,,,,,,,,,,,surface_scan
new_runs/single_points_properties/outputs/lif_sp_R_8_50.out,single_points_properties,single_point,normal,8.500000,3,-106.749037255800,6.38355775,0.021103620800,0.57425878,,,,,1.000,0.000000,11100000000000000000000000000|11100000000000000000000000000,-0.98711570,,,,,,ci_eigenvector
new_runs/scan_dissociation/lif_dissociation_scan.out,scan_dissociation,surface,normal,8.750000,1,-106.770132767500,5.80951963,,,,,,,,,,,,,,,,surface_scan
new_runs/single_points_properties/outputs/lif_sp_R_8_75.out,single_points_properties,single_point,normal,8.750000,1,-106.770132759200,5.80951986,,,0.01238100,0.00000000,0.00000000,0.01238100,1.000,0.000000,11010000000000000000000000000|11100000000000000000000000000,0.67040740,11100000000000000000000000000|11010000000000000000000000000,0.67040740,0.00009700,-0.00009700,2.0000 2.0000 2.0000 1.9993 1.9993,ci_eigenvector
new_runs/scan_dissociation/lif_dissociation_scan.out,scan_dissociation,surface,normal,8.750000,2,-106.770132110100,5.80953752,0.000000657400,0.00001789,,,,,,,,,,,,,,surface_scan
new_runs/single_points_properties/outputs/lif_sp_R_8_75.out,single_points_properties,single_point,normal,8.750000,2,-106.770132101800,5.80953775,0.000000657400,0.00001789,,,,,3.000,2.000000,11100000000000000000000000000|11010000000000000000000000000,0.67043300,11010000000000000000000000000|11100000000000000000000000000,-0.67043300,,,,ci_eigenvector
new_runs/scan_dissociation/lif_dissociation_scan.out,scan_dissociation,surface,normal,8.750000,3,-106.747241919400,6.43241134,0.022890190700,0.62287382,,,,,,,,,,,,,,surface_scan
new_runs/single_points_properties/outputs/lif_sp_R_8_75.out,single_points_properties,single_point,normal,8.750000,3,-106.747241919500,6.43241134,0.022890182300,0.62287359,,,,,1.000,0.000000,11100000000000000000000000000|11100000000000000000000000000,-0.98717860,,,,,,ci_eigenvector
new_runs/single_points_properties/outputs/lif_sp_R_8_80.out,single_points_properties,single_point,normal,8.800000,1,-106.770131177600,5.80956289,,,0.01255700,0.00000000,0.00000000,0.01255700,1.000,0.000000,11010000000000000000000000000|11100000000000000000000000000,0.67051610,11100000000000000000000000000|11010000000000000000000000000,0.67051610,0.00009100,-0.00009100,2.0000 2.0000 2.0000 1.9993 1.9993,ci_eigenvector
new_runs/single_points_properties/outputs/lif_sp_R_8_80.out,single_points_properties,single_point,normal,8.800000,2,-106.770130597500,5.80957868,0.000000580100,0.00001579,,,,,3.000,2.000000,11100000000000000000000000000|11010000000000000000000000000,0.67053870,11010000000000000000000000000|11100000000000000000000000000,-0.67053870,,,,ci_eigenvector
new_runs/single_points_properties/outputs/lif_sp_R_8_80.out,single_points_properties,single_point,normal,8.800000,3,-106.746895353900,6.44184187,0.023235243600,0.63226319,,,,,1.000,0.000000,11100000000000000000000000000|11100000000000000000000000000,0.98718850,,,,,,ci_eigenvector
new_runs/single_points_properties/outputs/lif_sp_R_8_90.out,single_points_properties,single_point,normal,8.900000,1,-106.770128231200,5.80964307,,,0.01282600,0.00000000,0.00000000,0.01282600,1.000,0.000000,11100000000000000000000000000|11010000000000000000000000000,0.67072490,11010000000000000000000000000|11100000000000000000000000000,0.67072480,0.00008100,-0.00008100,2.0000 2.0000 2.0000 1.9993 1.9993,ci_eigenvector
new_runs/single_points_properties/outputs/lif_sp_R_8_90.out,single_points_properties,single_point,normal,8.900000,2,-106.770127779400,5.80965536,0.000000451800,0.00001229,,,,,3.000,2.000000,11010000000000000000000000000|11100000000000000000000000000,-0.67074260,11100000000000000000000000000|11010000000000000000000000000,0.67074250,,,,ci_eigenvector
new_runs/single_points_properties/outputs/lif_sp_R_8_90.out,single_points_properties,single_point,normal,8.900000,3,-106.746214115300,6.46037931,0.023913664100,0.65072395,,,,,1.000,0.000000,11100000000000000000000000000|11100000000000000000000000000,-0.98720600,,,,,,ci_eigenvector
new_runs/scan_dissociation/lif_dissociation_scan.out,scan_dissociation,surface,normal,9.000000,1,-106.770125509200,5.80971714,,,,,,,,,,,,,,,,surface_scan
new_runs/single_points_properties/outputs/lif_sp_R_9_00.out,single_points_properties,single_point,normal,9.000000,1,-106.770125499200,5.80971741,,,0.01300400,0.00000000,0.00000000,0.01300400,1.000,0.000000,11100000000000000000000000000|11010000000000000000000000000,0.67092210,11010000000000000000000000000|11100000000000000000000000000,0.67092200,0.00007300,-0.00007300,2.0000 2.0000 2.0000 1.9993 1.9993,ci_eigenvector
new_runs/scan_dissociation/lif_dissociation_scan.out,scan_dissociation,surface,normal,9.000000,2,-106.770125157200,5.80972672,0.000000352000,0.00000958,,,,,,,,,,,,,,surface_scan
new_runs/single_points_properties/outputs/lif_sp_R_9_00.out,single_points_properties,single_point,normal,9.000000,2,-106.770125147200,5.80972699,0.000000352000,0.00000958,,,,,3.000,2.000000,11010000000000000000000000000|11100000000000000000000000000,-0.67093590,11100000000000000000000000000|11010000000000000000000000000,0.67093590,,,,ci_eigenvector
new_runs/scan_dissociation/lif_dissociation_scan.out,scan_dissociation,surface,normal,9.000000,3,-106.745548266000,6.47849800,0.024576891200,0.66877128,,,,,,,,,,,,,,surface_scan
new_runs/single_points_properties/outputs/lif_sp_R_9_00.out,single_points_properties,single_point,normal,9.000000,3,-106.745548265600,6.47849801,0.024576881600,0.66877102,,,,,1.000,0.000000,11100000000000000000000000000|11100000000000000000000000000,0.98722140,,,,,,ci_eigenvector
new_runs/single_points_properties/outputs/lif_sp_R_9_10.out,single_points_properties,single_point,normal,9.100000,1,-106.770122980700,5.80978594,,,0.01311100,0.00000000,0.00000000,0.01311100,1.000,0.000000,11100000000000000000000000000|11010000000000000000000000000,0.67110910,11010000000000000000000000000|11100000000000000000000000000,0.67110910,0.00006600,-0.00006600,2.0000 2.0000 2.0000 1.9993 1.9993,ci_eigenvector
new_runs/single_points_properties/outputs/lif_sp_R_9_10.out,single_points_properties,single_point,normal,9.100000,2,-106.770122706500,5.80979340,0.000000274200,0.00000746,,,,,3.000,2.000000,11010000000000000000000000000|11100000000000000000000000000,0.67112000,11100000000000000000000000000|11010000000000000000000000000,-0.67112000,,,,ci_eigenvector
new_runs/single_points_properties/outputs/lif_sp_R_9_10.out,single_points_properties,single_point,normal,9.100000,3,-106.744897265100,6.49621263,0.025225441400,0.68641923,,,,,1.000,0.000000,11100000000000000000000000000|11100000000000000000000000000,0.98723490,,,,,,ci_eigenvector
new_runs/single_points_properties/outputs/lif_sp_R_9_20.out,single_points_properties,single_point,normal,9.200000,1,-106.770120625000,5.80985005,,,0.01316400,0.00000000,0.00000000,0.01316400,1.000,0.000000,11010000000000000000000000000|11100000000000000000000000000,0.67128650,11100000000000000000000000000|11010000000000000000000000000,0.67128650,0.00006000,-0.00006000,2.0000 2.0000 2.0000 1.9993 1.9993,ci_eigenvector
new_runs/single_points_properties/outputs/lif_sp_R_9_20.out,single_points_properties,single_point,normal,9.200000,2,-106.770120411600,5.80985585,0.000000213400,0.00000581,,,,,3.000,2.000000,11100000000000000000000000000|11010000000000000000000000000,-0.67129510,11010000000000000000000000000|11100000000000000000000000000,0.67129510,,,,ci_eigenvector
new_runs/single_points_properties/outputs/lif_sp_R_9_20.out,single_points_properties,single_point,normal,9.200000,3,-106.744260598900,6.51353720,0.025859812700,0.70368135,,,,,1.000,0.000000,11100000000000000000000000000|11100000000000000000000000000,-0.98724690,,,,,,ci_eigenvector
